N, name, blocks, phantoms, dyn inst, static inst
0, extr_darwin-xnubsdnetnecp.c_necp_policy_condition_get_type_from_buffer_Final.c, 4, 0, 7, 7
1, extr_linuxvirtkvmarmvgicvgic.h_vgic_v3_redist_region_full_Final.c, 3, 0, 7, 7
2, extr_mpvfiltersf_auto_filters.c_aspeed_command_Final.c, 3, 2, 8, 8
3, extr_linuxfsfatcache.c_fat_max_cache_Final.c, 1, 0, 2, 2
4, extr_linuxdriversscsimvsasmv_sas.c_mvs_is_sig_fis_received_Final.c, 1, 0, 3, 3
5, extr_linuxtoolsperfutilintel-pt-decoder..cpumap.h_cpu_map__id_to_socket_Final.c, 1, 0, 3, 3
6, extr_FFmpeglibavcodecaacdec_fixed.c_DEC_UPAIR_Final.c, 1, 0, 18, 18
7, extr_raspberry-pi-osexerciseslesson022zjd0112srcprintf.c_a2d_Final.c, 3, 2, 9, 9
8, extr_linuxdrivershwmonads7828.c_ads7828_cmd_byte_Final.c, 1, 0, 8, 8
9, extr_linuxdriversgpudrmamdamdgpugfx_v7_0.c_gfx_v7_0_config_init_Final.c, 1, 0, 2, 2
10, extr_linuxdriversgpudrmmsmadrenoadreno_pm4.xml.h_A4XX_CP_DRAW_INDX_INDIRECT_0_TESS_MODE_Final.c, 1, 0, 5, 5
11, extr_darwin-xnubsdnetinetin_pcb.c_inpcb_to_xinpcb64_Final.c, 1, 0, 17, 17
12, extr_radare2librasmarchxtensagnuxtensa-modules.c_Opcode_maxu_Slot_xt_flix64_slot0_encode_Final.c, 1, 0, 2, 2
13, extr_linuxdriversgpudrmnouveaunvkmsubdevclknv50.c_clk_same_Final.c, 1, 0, 16, 16
14, extr_micropythonportsstm32mbootmain.c_get_hex_char_Final.c, 1, 0, 8, 8
15, extr_darknetsrcimage.c_censor_image_Final.c, 5, 1, 61, 3407
16, extr_linuxdriversusbtypectcpm.c_unattached_state_Final.c, 2, 1, 10, 10
17, extr_linuxdriversinfinibandhwmthcamthca_eq.c_set_eqe_hw_Final.c, 1, 0, 3, 3
18, extr_Craftdepslodepnglodepng.c_lodepng_chunk_data_Final.c, 1, 0, 2, 2
19, extr_linuxnetipv4tcp_metrics.c_tcp_metric_get_Final.c, 1, 0, 4, 4
20, extr_linuxdriversinfinibandhwmlx5cq.c_sw_ownership_bit_Final.c, 1, 0, 4, 4
21, extr_linuxdriversstagingrtlwifiefuse.c_rtl_fill_dummy_Final.c, 4, 0, 29, 29
22, extr_darwin-xnubsdvfskpi_vfs.c_vnode_vfsmaxsymlen_Final.c, 1, 0, 3, 3
23, extr_reactosmodulesrosappsapplicationsnetdhcpdsrcleasesleases.c_confirm_lease_Final.c, 2, 1, 5, 5
24, extr_linuxdriversnetwirelessmediatekmt7601utx.c_mt7601u_tx_pktid_enc_Final.c, 1, 0, 9, 9
25, extr_linuxdriversmediadvb-frontendsdrxd_hard.c_drxd_get_tune_settings_Final.c, 1, 0, 5, 5
26, extr_linuxdrivershwmonit87.c_DIV_TO_REG_Final.c, 8, 0, 33, 33
27, extr_linuxsoundi2cotherak4114.c_snd_ak4114_spdif_mask_info_Final.c, 1, 0, 5, 5
28, extr_hashcatsrcmodulesmodule_18800.c_module_init_Final.c, 1, 0, 89, 89
29, extr_labenginecodeq3_uiui_addbots.c_UI_AddBotsMenu_BotEvent_Final.c, 2, 1, 3, 3
30, extr_linuxdriversnetwanhostess_sv11.c_hostess_attach_Final.c, 1, 0, 8, 8
31, extr_php-srcextpcrepcre2libsljitsljitNativeTILEGX-encoder.c_get_Imm16_X0_Final.c, 1, 0, 3, 3
32, extr_linuxarcharmmach-omap1lcd_dma.c_omap_set_lcd_dma_b1_Final.c, 1, 0, 5, 5
33, extr_nginx-rtmp-modulengx_rtmp_cmd_module.c_ngx_rtmp_cmd_stream_eof_Final.c, 1, 0, 2, 2
34, extr_linuxdriversusbclasscdc-acm.c_acm_tty_tiocmget_Final.c, 6, 5, 22, 22
35, extr_linuxdriversnetethernetemulexbenetbe_cmds.h_be_is_mc_Final.c, 1, 0, 5, 5
36, extr_labenginecodebspcl_math.c__VectorScale_Final.c, 1, 0, 9, 9
37, extr_linuxdriversstagingrtlwifiphydmphydm_hwconfig.c_phydm_adjust_pwdb_Final.c, 2, 1, 4, 4
38, extr_linuxlib..mminternal.h_is_exec_mapping_Final.c, 1, 0, 9, 9
39, extr_linuxarchmipskernelcpu-probe.c_cpu_set_nan_2008_Final.c, 2, 1, 5, 5
40, extr_php-srcsapifpmfpmzlog.c_zlog_stream_set_wrapping_Final.c, 1, 0, 5, 5
41, extr_linuxdriversvideofbdevmatroxmatroxfb_g450.c_matroxfb_g450_verify_mode_Final.c, 0, 0, 0, 0
42, extr_labq3map2libspicomodelpicointernal.c__pico_copy_vec_Final.c, 1, 0, 7, 7
43, extr_linuxdriversbaseplatform.c_platform_drv_probe_fail_Final.c, 1, 0, 3, 3
44, extr_stbtoolsunicode.c_get_data_Final.c, 2, 1, 6, 6
45, extr_linuxdriversnetethernetqualcommqca_debug.c_qcaspi_get_regs_len_Final.c, 1, 0, 3, 3
46, extr_linuxdriverstargettarget_core_spc.c_spc_modesense_rwrecovery_Final.c, 1, 0, 4, 4
47, extr_reactosdllwin32dbghelptype.c_symt_get_tag_str_Final.c, 2, 1, 5, 5
48, extr_emscriptensystemliblibcmuslsrccryptcrypt_des.c_ascii_is_unsafe_Final.c, 3, 1, 9, 9
49, extr_darwin-xnubsdnetinetmptcp_subr.c_mptcp_set_notsent_lowat_Final.c, 2, 1, 6, 6
50, extr_php-srcextpcrepcre2libsljitsljitNativeTILEGX-encoder.c_create_Imm8_X0_Final.c, 1, 0, 3, 3
51, extr_linuxdriversscsilibfcfc_rport.c_fc_set_rport_loss_tmo_Final.c, 1, 0, 5, 5
52, extr_linuxdriversgpudrmmsmedpedp.xml.h_EDP_AUX_DATA_DATA_Final.c, 1, 0, 5, 5
53, extr_linuxdriversatmhorizon.c_rx_q_entry_to_rx_channel_Final.c, 1, 0, 5, 5
54, extr_linuxdriversnetwirelessinteliwlegacy4965-mac.c_il4965_tfd_get_num_tbs_Final.c, 1, 0, 3, 3
55, extr_linuxsoundcorerawmidi.c_snd_rawmidi_ready_Final.c, 1, 0, 6, 6
56, extr_linuxmmzsmalloc.c_set_zspage_mapping_Final.c, 1, 0, 3, 3
57, extr_linuxdriversnetdsamv88e6xxxglobal2.h_mv88e6xxx_g2_update_Final.c, 1, 0, 3, 3
58, extr_linuxdriversgpudrmmsmadrenoa4xx.xml.h_REG_A4XX_RB_MRT_BUF_INFO_Final.c, 1, 0, 3, 3
59, extr_linuxdriversgpudrmomapdrmdssdss.c_dss_get_dispc_clk_source_Final.c, 1, 0, 2, 2
60, extr_linuxdriversbaseregmapregcache-rbtree.c_regcache_rbtree_get_base_top_reg_Final.c, 1, 0, 8, 8
61, extr_reactosdllwin32comctl32tooltips.c_TOOLTIPS_IsCallbackString_Final.c, 1, 0, 8, 8
62, extr_linuxnetipv6ilaila_xlat.c_ila_cmp_params_Final.c, 1, 0, 5, 5
63, extr_hashcatsrcmodulesmodule_00141.c_module_init_Final.c, 1, 0, 86, 86
64, extr_linuxdriversstagingrtl8723bshalhal_btcoex.c_EXhalbtcoutsrc_BindBtCoexWithAdapter_Final.c, 2, 1, 12, 12
65, extr_php-srcextpcrepcre2libsljitsljitNativeTILEGX-encoder.c_create_SrcB_Y0_Final.c, 1, 0, 4, 4
66, extr_linuxdriversscsiaic7xxxaic79xx_inline.h_ahd_get_sense_bufaddr_Final.c, 1, 0, 2, 2
67, extr_radare2librasmpasm_lm32.c_is_invalid_two_reg_instr_Final.c, 1, 0, 3, 3
68, extr_numpynumpycoresrcmultiarraydragon4.c_free_dragon4_bigint_scratch_Final.c, 1, 0, 2, 2
69, extr_emscriptentestsnbody-javaorg_apache_harmony_luni_platform_IFileSystem.c_org_apache_harmony_luni_platform_IFileSystem_PUT_O_EXCL_Final.c, 1, 0, 2, 2
70, extr_darwin-xnubsdkernkern_proc.c_proc_getgid_Final.c, 1, 0, 2, 2
71, extr_linuxdriversgpudrmmsmhdmihdmi.xml.h_HDMI_ACTIVE_VSYNC_END_Final.c, 1, 0, 5, 5
72, extr_reactosbaseapplicationscalcrpn_ieee.c_rpn_sub_i_Final.c, 1, 0, 4, 4
73, extr_obs-studiopluginsobs-outputsflv-mux.h_get_ms_time_Final.c, 0, 0, 0, 0
74, extr_linuxdriversgpudrmmsmdispmdp4mdp4.xml.h_REG_MDP4_LCDC_LVDS_MUX_CTL_3_TO_0_Final.c, 1, 0, 2, 2
75, extr_radare2librasmarchxtensagnuxtensa-modules.c_Opcode_remu_Slot_inst_encode_Final.c, 1, 0, 2, 2
76, extr_kittyglfwx11_window.c__glfwPlatformGetWindowContentScale_Final.c, 5, 0, 9, 9
77, extr_mimikatzmodulessqlite3_omit.c_walPagesize_Final.c, 1, 0, 7, 7
78, extr_linuxdriversnetwirelessathath10kdebugfs_sta.c_ath10k_rx_stats_update_amsdu_subfrm_Final.c, 4, 1, 10, 10
79, extr_ccvlibcuda..ccv.h_ccv_size_is_zero_Final.c, 1, 0, 4, 4
80, extr_php-srcmainfastcgi.c_fcgi_signal_handler_Final.c, 3, 1, 5, 5
81, extr_linuxdriversdmadw..dmaengine.h_dma_cookie_init_Final.c, 1, 0, 4, 4
82, extr_linuxdriversmiscgenwqecard_base.c_genwqe_recovery_on_fatal_gfir_required_Final.c, 1, 0, 6, 6
83, extr_linuxdriversmediapcicx25821cx25821-video.c_cx25821_vidioc_g_input_Final.c, 1, 0, 3, 3
84, extr_xhyvesrcuart_emul.c_rxfifo_available_Final.c, 1, 0, 5, 5
85, extr_linuxarchpowerpcperfmpc7450-pmu.c_mpc7450_classify_event_Final.c, 3, 2, 10, 10
86, extr_nodemcu-firmwareappsqlite3sqlite3.c_heightOfExpr_Final.c, 4, 0, 7, 7
87, extr_linuxblockcfq-iosched.c_cfq_group_slice_Final.c, 1, 0, 5, 5
88, extr_labenginecodeclientcl_cin.c_CIN_SetExtents_Final.c, 3, 1, 5, 5
89, extr_reactoswin32ssgdigdi32winemfdrvinit.c_MFDRV_CreateCompatibleDC_Final.c, 1, 0, 2, 2
90, extr_emscriptentestsluasrclcode.c_luaK_getlabel_Final.c, 1, 0, 3, 3
91, extr_linuxdriversbluetoothbtintel.h_btintel_check_bdaddr_Final.c, 1, 0, 3, 3
92, extr_linuxdriverscryptoamcccrypto4xx_alg.c_set_dynamic_sa_command_1_Final.c, 1, 0, 25, 25
93, extr_reactosdll3rdpartylibtifftif_dirread.c_TIFFReadDirEntryCheckRangeByteSlong_Final.c, 1, 0, 6, 6
94, extr_linuxsoundpcioxygenxonar_wm87x6.c_wm8776_input_vol_info_Final.c, 1, 0, 7, 7
95, extr_linuxnettipcnode.c_node_is_up_Final.c, 1, 0, 6, 6
96, extr_darwin-xnuosfmkkernbsd_kern.c_get_task_pidsuspended_Final.c, 1, 0, 2, 2
97, extr_linuxdriversblockdrbddrbd_bitmap.c_drbd_bm_reset_al_hints_Final.c, 1, 0, 3, 3
98, extr_linuxdriversmediatunerstda18271-fe.c_tda18271_need_cal_on_startup_Final.c, 2, 1, 7, 7
99, extr_reactosdll3rdpartylibtifftif_dirwrite.c_TIFFClampDoubleToUInt16_Final.c, 3, 0, 11, 11
100, extr_linuxdriverspinctrlpinctrl-artpec6.c_artpec6_pconf_drive_mA_to_field_Final.c, 2, 1, 6, 6
101, extr_gitrefs..list.h_list_add_tail_Final.c, 1, 0, 6, 6
102, extr_darwin-xnubsdvfskpi_vfs.c_vnode_vfsfsprivate_Final.c, 1, 0, 3, 3
103, extr_linuxdriversmediausbdvb-usb-v2mxl111sf-tuner.c_mxl111sf_tuner_get_bandwidth_Final.c, 1, 0, 5, 5
104, extr_linuxdriversnetethernetintelfm10kfm10k_common.c_fm10k_unbind_hw_stats_q_Final.c, 4, 0, 8, 8
105, extr_darwin-xnuosfmki386machine_routines.c_ml_static_ptovirt_Final.c, 1, 0, 3, 3
106, extr_linuxblockblk-wbt.c_wbt_is_read_Final.c, 1, 0, 3, 3
107, extr_linuxfsxfslibxfsxfs_iext_tree.c_xfs_iext_rec_clear_Final.c, 1, 0, 3, 3
108, extr_linuxsoundsocbcmpisound.c_pisnd_output_close_Final.c, 1, 0, 3, 3
109, extr_labenginecodetoolsasmcmdlib.c_CRC_Value_Final.c, 1, 0, 3, 3
110, extr_linuxdriversstagingfwserialfwserial.h_peer_set_state_Final.c, 1, 0, 2, 2
111, extr_labq3map2libspicomodelpicomodel.c_binarytree_size_Final.c, 1, 0, 3, 3
112, extr_linuxnetnetfilterxt_multiport.c_check_Final.c, 0, 0, 0, 0
113, extr_linuxdriverscryptoqatqat_c3xxxvfadf_c3xxxvf_hw_data.c_get_vintmsk_offset_Final.c, 1, 0, 2, 2
114, extr_SoftEtherVPNsrcNeoNDIS5.c_GetUnicode_Final.c, 1, 0, 2, 2
115, extr_linuxdriversstagingcomedidrivers..comedidev.h_comedi_check_trigger_is_unique_Final.c, 1, 0, 7, 7
116, extr_linuxarcharmkerneltraps.c_verify_stack_Final.c, 3, 2, 7, 7
117, extr_linuxarchsparcmmsrmmu.c_add_to_ctx_list_Final.c, 1, 0, 6, 6
118, extr_linuxdriversttyserialfsl_lpuart.c_lpuart_is_32_Final.c, 1, 0, 8, 8
119, extr_FFmpeglibavcodecmpegvideo.c_ff_mpv_common_defaults_Final.c, 1, 0, 14, 14
120, extr_radare2librasmarchxtensagnuxtensa-modules.c_Opcode_l16ui_Slot_xt_flix64_slot0_encode_Final.c, 1, 0, 2, 2
121, extr_linuxdriversmddm-snap.c_dm_snap_cow_Final.c, 1, 0, 2, 2
122, extr_linuxdriversstaginggreybusspilib.c_tx_header_fit_operation_Final.c, 1, 0, 9, 9
123, extr_FFmpeglibavformatvpcc.c_get_vp9_level_Final.c, 0, 0, 0, 0
124, extr_reactosdllwin32jscriptjsstr.h_jsstr_addref_Final.c, 1, 0, 3, 3
125, extr_linuxdriversinfinibandhwmlx5qp.c_ib_nr_to_mlx5_nr_Final.c, 2, 1, 5, 5
126, extr_radare2librcoregraph.c_agraph_set_zoom_Final.c, 7, 2, 25, 25
127, extr_linuxtoolsperfuibrowser.c_ui_browser__refresh_dimensions_Final.c, 1, 0, 11, 11
128, extr_linuxdriversgpudrmmsmdsidsi.xml.h_DSI_28nm_PHY_TIMING_CTRL_10_TA_GET_Final.c, 1, 0, 5, 5
129, extr_linuxnetnetfilternf_flow_table_ip.c_ip_has_options_Final.c, 1, 0, 4, 4
130, extr_linuxdriversextconextcon-sm5502.c_sm5502_muic_volatile_reg_Final.c, 1, 0, 5, 5
131, extr_linuxdriversgpudrmmsmadrenoa6xx.xml.h_REG_A6XX_VSC_PIPE_CONFIG_Final.c, 1, 0, 2, 2
132, extr_linuxtoolsperfutilintel-pt-decoderinat.h_inat_last_prefix_id_Final.c, 1, 0, 5, 5
133, extr_lua-nginx-modulesrcngx_http_lua_input_filters.c_ngx_http_lua_read_any_Final.c, 2, 1, 11, 11
134, extr_nginxsrchttpmodulesngx_http_gunzip_filter_module.c_ngx_http_gunzip_filter_init_Final.c, 1, 0, 10, 10
135, extr_linuxdriversnetwirelessathath6klcfg80211.c_ath6kl_get_sset_count_Final.c, 2, 1, 8, 8
136, extr_linuxmmnommu.c_follow_pfn_Final.c, 2, 1, 7, 7
137, extr_linuxdriversmtdubiattach.c_vol_ignored_Final.c, 1, 0, 4, 4
138, extr_hashcatsrcmodulesmodule_07000.c_module_init_Final.c, 1, 0, 86, 86
139, extr_BGAQRCode-Androidzbarsrcmainjnilibiconv-1.15libiso8859_7.h_iso8859_7_wctomb_Final.c, 2, 1, 5, 5
140, extr_opensslcryptomodesccm128.c_ctr64_inc_Final.c, 2, 1, 3, 3
141, extr_linuxdriversnetethernetmellanoxmlx4resource_tracker.c_remove_eq_ok_Final.c, 4, 1, 9, 9
142, extr_linuxmmpage-writeback.c_dirty_freerun_ceiling_Final.c, 1, 0, 3, 3
143, extr_linuxdriversmfdda9055-core.c_da9055_register_readable_Final.c, 1, 0, 5, 5
144, extr_kphp-kdbdnsdns-data.c_dns_addresses_reset_Final.c, 1, 0, 3, 3
145, extr_obs-studiodepsw32-pthreadspthread_rwlockattr_setpshared.c_pthread_rwlockattr_setpshared_Final.c, 0, 0, 0, 0
146, extr_reactossdklib3rdpartylibsampleratesrc_zoh.c_zoh_get_name_Final.c, 1, 0, 5, 5
147, extr_opensslcryptoevpevp_lib.c_EVP_CIPHER_CTX_iv_noconst_Final.c, 1, 0, 2, 2
148, extr_linuxdriversmddm-bufio.c_dm_bufio_get_block_data_Final.c, 1, 0, 2, 2
149, extr_linuxdriversinputmousehgpk.c_hgpk_reset_spew_detection_Final.c, 1, 0, 6, 6
150, extr_SoftEtherVPNsrcSeetme.h_IS_DELETABLE_Final.c, 0, 0, 0, 0
151, extr_radare2librasmarchxtensagnuxtensa-modules.c_Opcode_mula_dd_ll_ldinc_Slot_inst_encode_Final.c, 1, 0, 2, 2
152, extr_linuxdriversgpudrmmsmadrenoa4xx.xml.h_A4XX_TPL1_TP_TEX_COUNT_HS_Final.c, 1, 0, 5, 5
153, extr_linuxdriversedaci5400_edac.c_rdwr_str_Final.c, 1, 0, 5, 5
154, extr_labenginecodeq3_uiui_spskill.c_SetSkillColor_Final.c, 2, 1, 4, 4
155, extr_linuxdriversgpudrmmsmadrenoadreno_pm4.xml.h_CP_EXEC_CS_1_NGROUPS_X_Final.c, 1, 0, 5, 5
156, extr_linuxfsext4extents_status.h_ext4_es_store_pblock_Final.c, 1, 0, 8, 8
157, extr_linuxdriversfirewireohci.c_get_self_id_pos_Final.c, 3, 2, 14, 14
158, extr_labthird_partymdmd4c.c_Encode_Final.c, 4, 0, 19, 712
159, extr_linuxdriversbluetoothbtintel.h_btintel_read_version_Final.c, 1, 0, 3, 3
160, extr_opensslcryptox509x509_meth.c_X509_LOOKUP_meth_set_ctrl_Final.c, 1, 0, 3, 3
161, extr_linuxdriversgpudrmmsmadrenoa6xx.xml.h_A6XX_SP_VS_OUT_REG_A_COMPMASK_Final.c, 1, 0, 5, 5
162, extr_linuxdriversstagingrtl8192ur8192U_core.c_rtl8192_record_rxdesc_forlateruse_Final.c, 1, 0, 7, 7
163, extr_linuxdriversi2cbussesi2c-pasemi.c_pasemi_smb_func_Final.c, 1, 0, 9, 9
164, extr_linuxsoundppcsnd_ps3.c_snd_ps3_spdif_mask_info_Final.c, 1, 0, 5, 5
165, extr_labenginecodebspcl_cmd.c_BigUnsignedShort_Final.c, 1, 0, 3, 3
166, extr_linuxdriversstagingrtl8188eucorertw_xmit.c_update_attrib_phy_info_Final.c, 1, 0, 11, 11
167, extr_linuxdriversnetethernetchelsiocxgb4sge.c_sgl_len_Final.c, 1, 0, 7, 7
168, extr_linuxsecurityselinuxss..includesecurity.h_security_netlbl_sid_to_secattr_Final.c, 1, 0, 3, 3
169, extr_linuxdriverscryptoccp....dmadmaengine.h_dmaengine_desc_callback_valid_Final.c, 1, 0, 4, 4
170, extr_linuxdriversusbmusbdavinci.c_davinci_musb_set_mode_Final.c, 1, 0, 3, 3
171, extr_tenginemodulesngx_http_lua_modulesrcngx_http_lua_socket_tcp.c_ngx_http_lua_socket_tcp_get_peer_Final.c, 1, 0, 2, 2
172, extr_reactosmodulesrostestsapitestsgdi32LPtoDP.c_SetXForm1_Final.c, 1, 0, 5, 5
173, extr_darwin-xnuosfmkvmbsd_vm.c_get_map_nentries_Final.c, 1, 0, 2, 2
174, extr_linuxdriversblockrsxxconfig.c_initialize_config_Final.c, 1, 0, 13, 13
175, extr_linuxtoolslibbpflibbpf.c_bpf_program__is_type_Final.c, 3, 0, 6, 6
176, extr_radare2librasmarchxtensagnuxtensa-modules.c_Opcode_all4_Slot_inst_encode_Final.c, 1, 0, 2, 2
177, extr_anypixelfirmwarecontrollersrctextfuncs.c_TEXT_numToString_Final.c, 0, 0, 0, 0
178, extr_radare2librasmarchxtensagnuxtensa-modules.c_Opcode_xsr_excsave7_Slot_inst_encode_Final.c, 1, 0, 2, 2
179, extr_reactosdllwin32jscriptdate.c_day_from_month_Final.c, 3, 1, 6, 6
180, extr_linuxdriversnetwirelessrealtekrtlwifirtl8723com..wifi.h_get_rf_type_Final.c, 1, 0, 2, 2
181, extr_linuxdrivershwmonshtc1.c_shtc1_select_command_Final.c, 1, 0, 17, 17
182, extr_linuxdriversgpudrmamddisplaydcgpiogpio_service.c_set_pin_busy_Final.c, 1, 0, 9, 9
183, extr_linuxdriversgpudrmmsmdispmdp5mdp5.xml.h_MDP5_PIPE_SRC_FORMAT_CHROMA_SAMP_Final.c, 1, 0, 5, 5
184, extr_linuxdriversgpudrmmsmadrenoa6xx.xml.h_A6XX_RB_DITHER_CNTL_DITHER_MODE_MRT5_Final.c, 1, 0, 5, 5
185, extr_emscriptentestscoretest_i64_cmp.c_compare_Final.c, 1, 0, 4, 4
186, extr_linuxarchx86kernelcpumcheckmce-internal.h_apei_write_mce_Final.c, 1, 0, 3, 3
187, extr_linuxdriversisdni4lisdn_ppp.c_isdn_ppp_register_compressor_Final.c, 2, 1, 9, 9
188, extr_linuxdriversgpudrmmsmedpedp.xml.h_EDP_HSYNC_VSYNC_WIDTH_POLARITY_HORIZ_Final.c, 1, 0, 5, 5
189, extr_gitnegotiator..pretty.h_cmit_fmt_is_mail_Final.c, 1, 0, 7, 7
190, extr_emscriptentestsnbody-javanative_java_lang_Object.c_java_lang_Object_equals___java_lang_Object_Final.c, 1, 0, 4, 4
191, extr_tenginesrchttpngx_http_script.c_ngx_http_script_nop_code_Final.c, 1, 0, 2, 2
192, extr_linuxarcharmkernelperf_regs.c_perf_reg_validate_Final.c, 3, 1, 6, 6
193, extr_linuxdrivershwmong762.c_rpm_from_cnt_Final.c, 3, 0, 16, 16
194, extr_linuxdriversledsleds-bcm6328.c_bcm6328_pin2shift_Final.c, 1, 0, 5, 5
195, extr_linuxdriversnetethernettoshibaspider_net_ethtool.c_spider_net_ethtool_get_wol_Final.c, 1, 0, 3, 3
196, extr_reactosbaseapplicationscalcfun_ieee.c_validate_angle2rad_Final.c, 3, 2, 7, 7
197, extr_wcdbandroidsqlciphersqlite3.c_sqlite3_total_changes_Final.c, 1, 0, 2, 2
198, extr_FFmpeglibavutilbprint.c_av_bprint_clear_Final.c, 3, 0, 6, 6
199, extr_linuxdriversgpudrmbridgetc358767.c_tc_srcctrl_Final.c, 10, 1, 28, 28
200, extr_zstdlibcompresszstd_compress.c_ZSTD_reset_compressedBlockState_Final.c, 2, 1, 9, 9
201, extr_linuxdriversscsi53c700.h_NCR_700_set_depth_Final.c, 1, 0, 3, 3
202, extr_linuxdriversi2ci2c-core-base.c_i2c_check_addr_validity_Final.c, 4, 2, 8, 8
203, extr_linuxdriversclksunxi-ngccu_frac.c_ccu_frac_helper_has_rate_Final.c, 2, 1, 5, 5
204, extr_linuxdriversnetwirelessrealtekrtl8192cucorertw_ioctl_rtl.c_oid_rt_pro_set_fw_dig_state_hdl_Final.c, 1, 0, 2, 2
205, extr_FFmpeglibavcodecj2kenc.c_j2k_flush_Final.c, 3, 0, 5, 5
206, extr_darwin-xnulibkernOSKextVersion.c___OSKextVersionStringForStage_Final.c, 2, 1, 5, 5
207, extr_jqsrclexer.c_jq_yyset_debug_Final.c, 0, 0, 0, 0
208, extr_reactossdklib3rdpartybzip2bzlib.c_init_RL_Final.c, 1, 0, 3, 3
209, extr_linuxfsxfsxfs_inode.h_xfs_inode_has_cow_data_Final.c, 3, 0, 7, 7
210, extr_linuxtoolsperfarch..util..utiltarget.h_target__has_per_thread_Final.c, 2, 1, 6, 6
211, extr_linuxarchs390kvmgaccess.c_is_low_address_Final.c, 1, 0, 4, 4
212, extr_linuxdriversscsiaic7xxxaic7xxx_osm.h_ahc_get_sense_residual_Final.c, 0, 0, 0, 0
213, extr_linuxdriversnetwirelessathath10khtc.c_htc_service_name_Final.c, 2, 1, 5, 5
214, extr_linuxdriversstagingvt6656card.c_vnt_get_cck_rate_Final.c, 5, 1, 12, 19
215, extr_php-srcextmbstringlibmbflfiltersmbfilter_euc_tw.c_mbfl_filt_ident_euctw_Final.c, 2, 1, 6, 6
216, extr_linuxdriversgpudrmi915intel_display.c_intel_fb_modifier_to_tiling_Final.c, 2, 1, 6, 6
217, extr_kphp-kdbmc-proxymc-proxy-news-recommend-extension.c_clear_gather_heap_Final.c, 1, 0, 3, 3
218, extr_zstdcontriblinux-kernellibzstdcompress.c_ZSTD_hash4_Final.c, 1, 0, 6, 6
219, extr_linuxtoolsperfbench..utilstat.h_init_stats_Final.c, 1, 0, 6, 6
220, extr_linuxdriversmediaplatformti-vpevpdma_priv.h_dtd_get_notify_Final.c, 1, 0, 5, 5
221, extr_reactosmodulesrostestswinetestsntdllrtl.c___my_ushort_swap_Final.c, 1, 0, 6, 6
222, extr_linuxdriversvhostvringh.c_vringh_abandon_user_Final.c, 1, 0, 2, 2
223, extr_reactosdllwin32dbghelpcpu_x86_64.c_set_float_reg_Final.c, 1, 0, 3, 3
224, extr_zstdcontriblinux-kernellibzstdcompress.c_ZSTD_cycleLog_Final.c, 1, 0, 6, 6
225, extr_linuxtoolsperfutilintel-pt-decoder..event.h_perf_sample__synth_ptr_Final.c, 1, 0, 3, 3
226, extr_linuxdriversnetwirelessintersilp54eeprom.c_p54_get_band_from_freq_Final.c, 3, 2, 8, 8
227, extr_linuxdriversnetfddiskfpcfm.c_cfm_get_mac_output_Final.c, 1, 0, 9, 9
228, extr_linuxdriversedacedac_module.c_edac_op_state_to_string_Final.c, 6, 0, 17, 17
229, extr_linuxdriversstagingrtl8723bshalhal_btcoex.c_halbtcoutsrc_GetWifiScanAPNum_Final.c, 3, 2, 8, 8
230, extr_zstdcontriblinux-kernellibzstdcompress.c_ZSTD_equivalentParams_Final.c, 1, 0, 17, 17
231, extr_reactosdllwin32ole32storage32.c_StorageInternalImpl_UnlockTransaction_Final.c, 1, 0, 2, 2
232, extr_reactosdll3rdpartylibtifftif_open.c_TIFFCurrentRow_Final.c, 1, 0, 2, 2
233, extr_linuxdriversbasefirmware_loaderfallback.c___fw_fallback_set_timeout_Final.c, 1, 0, 2, 2
234, extr_linuxarchpowerpckernel......driverspcipci.h_pci_aer_init_Final.c, 1, 0, 3, 3
235, extr_linuxdriversi2cbussesi2c-mv64xxx.c_mv64xxx_i2c_functionality_Final.c, 1, 0, 4, 4
236, extr_SoftEtherVPNsrcMayaquaStr.c_ToUpper_Final.c, 1, 0, 6, 6
237, extr_reactosmodulesrostestsapitestsincludemsgtrace.h_IseKeyMsg_Final.c, 1, 0, 7, 7
238, extr_linuxdriversmfdab8500-sysctrl.c_ab8500_sysctrl_remove_Final.c, 2, 1, 7, 7
239, extr_linuxdriversgpudrmmsmdispmdp5mdp5.xml.h_MDP5_PIPE_SRC_FORMAT_CPP_Final.c, 1, 0, 5, 5
240, extr_linuxdriversmediacommonvideobuf2videobuf2-dma-contig.c_vb2_dc_dmabuf_ops_vmap_Final.c, 1, 0, 3, 3
241, extr_linuxdriversttyserialpxa.c_serial_pxa_verify_port_Final.c, 1, 0, 3, 3
242, extr_linuxdriverswatchdogbcm_kona_wdt.c_bcm_kona_wdt_set_timeout_Final.c, 1, 0, 3, 3
243, extr_linuxdriversusbhostdwc_common_portdwc_common_linux.c_DWC_BE16_TO_CPU_Final.c, 1, 0, 2, 2
244, extr_linuxsoundsoctegrategra20_i2s.c_tegra20_i2s_wr_rd_reg_Final.c, 1, 0, 5, 5
245, extr_linuxdriversnetethernetmellanoxmlxswspectrum_acl_atcam.c_mlxsw_sp_acl_atcam_generic_lkey_id_get_Final.c, 1, 0, 2, 2
246, extr_linuxdriversplatformx86asus-wmi.c_is_display_toggle_Final.c, 1, 0, 18, 18
247, extr_opensslsslssl_sess.c_SSL_set_session_ticket_ext_cb_Final.c, 2, 1, 6, 6
248, extr_kphp-kdblistslists-data.c_ltree_x_compare_Final.c, 1, 0, 6, 6
249, extr_linuxnetieee8021546lowpanrx.c_lowpan_is_fragn_Final.c, 1, 0, 5, 5
250, extr_linuxdriversgpudrmdrm_dp_mst_topology.c_drm_dp_mst_i2c_functionality_Final.c, 1, 0, 6, 6
251, extr_linuxdriversmediaplatformatmelatmel-isi.c_set_dma_ctrl_Final.c, 1, 0, 2, 2
252, extr_php-srcextopcachejitlibudis86udis86.c_ud_lookup_mnemonic_Final.c, 2, 1, 4, 4
253, extr_darwin-xnuosfmkvmvm_map_store.c_vm_map_store_has_RB_support_Final.c, 1, 0, 7, 7
254, extr_skynetskynet-srcskynet_server.c_skynet_context_handle_Final.c, 1, 0, 2, 2
255, extr_linuxdriversnetethernetchelsiolibcxgblibcxgb_ppm.h_cxgbi_ppm_sw_tag_is_usable_Final.c, 1, 0, 4, 4
256, extr_kphp-kdbfriendfriend-import-dump.c_conv_uid_Final.c, 3, 1, 9, 9
257, extr_linuxfsnamei.c_check_acl_Final.c, 1, 0, 3, 3
258, extr_radare2librutilidpool.c_get_msb_Final.c, 4, 0, 12, 210
259, extr_reactossdklib3rdpartyadnssrcinternal.h_ctype_whitespace_Final.c, 3, 1, 9, 9
260, extr_linuxdriversgpudrmi915gvtcmd_parser.c_sub_op_val_Final.c, 1, 0, 9, 9
261, extr_reactossdklib3rdpartystlportsrcc_locale_win32c_wlocale_win32.c__WLocale_is_stateless_Final.c, 1, 0, 4, 4
262, extr_emscriptensystemliblibcmuslsrcnetworkinet_legacy.c_inet_netof_Final.c, 1, 0, 3, 3
263, extr_darwin-xnubsddevmemdev.c_mdevlookup_Final.c, 0, 0, 0, 0
264, extr_linuxdriversgpudrmi915intel_uncore.c_intel_has_reset_engine_Final.c, 1, 0, 7, 7
265, extr_linuxdriversnetethernetnetronomenfpnfp_app.h_nfp_app_needs_ctrl_vnic_Final.c, 2, 1, 7, 7
266, extr_linuxdriversmiscmichostmic_main.c_mic_ops_init_Final.c, 2, 1, 3, 3
267, extr_linuxdriversmediapcicx88cx88-mpeg.c_cx8802_check_driver_Final.c, 4, 2, 10, 10
268, extr_FFmpeglibavcodecacelp_pitch_delay.c_ff_acelp_decode_4bit_to_2nd_delay3_Final.c, 3, 2, 8, 8
269, extr_linuxdriverscpufreqti-cpufreq.c_dra7_efuse_xlate_Final.c, 3, 2, 7, 7
270, extr_linuxdriversnetethernetintelixgbeixgbe_sriov.c_ixgbe_link_mbps_Final.c, 2, 1, 6, 6
271, extr_redissrchyperloglog.c_hllRawRegHisto_Final.c, 2, 1, 3, 3
272, extr_reactoswin32ssprintingbasespoolsvprintprocessors.c__RpcDeletePrintProcessor_Final.c, 1, 0, 2, 2
273, extr_linuxdriversnetdsamv88e6xxxchip.h_mv88e6xxx_num_gpio_Final.c, 1, 0, 3, 3
274, extr_tigsrcgraph-v2.c_continued_down_Final.c, 3, 0, 12, 12
275, extr_openpilotphonelibsnanovgnanovg.c_nvg__chooseBevel_Final.c, 2, 1, 22, 22
276, extr_linuxdriversblockrsxxcore.c___enable_intr_Final.c, 1, 0, 2, 2
277, extr_linuxdriversusbgadgetudcat91_udc.c_at91sam9263_udc_init_Final.c, 2, 1, 4, 4
278, extr_gitbuiltinshow-branch.c_omit_in_dense_Final.c, 17, 3, 102, 154
279, extr_linuxtoolstestingselftestsx86mpx-mini-test.c___si_bounds_lower_Final.c, 1, 0, 2, 2
280, extr_linuxdriversiommuiommu.c_iommu_present_Final.c, 1, 0, 4, 4
281, extr_obs-studiolibobs-openglgl-subsystem.h_convert_gs_stencil_op_Final.c, 2, 1, 6, 6
282, extr_darwin-xnubsdnetif_bond.c_bondport_flags_set_ready_Final.c, 1, 0, 3, 3
283, extr_linuxdriverspowersupplyqcom_smbb.c_smbb_bat_imax_fn_Final.c, 1, 0, 2, 2
284, extr_linuxnetbatman-advmain.h_batadv_print_vid_Final.c, 1, 0, 9, 9
285, extr_linuxfsecryptfscrypto.c_ecryptfs_max_decoded_size_Final.c, 1, 0, 4, 4
286, extr_linuxdriversmiscsgi-xpxpnet.c_xpnet_dev_tx_timeout_Final.c, 1, 0, 2, 2
287, extr_linuxsoundfirewirecmp.c_mpr_address_Final.c, 1, 0, 8, 8
288, extr_curllibimap.c_state_Final.c, 1, 0, 2, 2
289, extr_scrcpyappsrcfps_counter.c_fps_counter_init_Final.c, 1, 0, 2, 2
290, extr_tenginemodulesngx_http_tfs_modulengx_http_tfs_tair_helper.c_ngx_http_tfs_tair_put_helper_Final.c, 1, 0, 2, 2
291, extr_reactossdklibppcmmummuobject.c_fpenable_Final.c, 1, 0, 3, 3
292, extr_linuxfsnfsdnfs4acl.c_add_to_mask_Final.c, 1, 0, 3, 3
293, extr_mongooseexamplesPIC32mqtt_clientfirmwaresrcsystem_configmx795_CC3100_e16frameworkdriverspistaticsrcdrv_spi_static_sys_queue.c_DRV_SPI_SYS_QUEUE_Deinitialize_Final.c, 1, 0, 8, 8
294, extr_zstdprogramsbenchfn.c_BMK_isSuccessful_runOutcome_Final.c, 1, 0, 4, 4
295, extr_radare2shlrsdbsrcjson..types.h_ut32_pack_Final.c, 1, 0, 2, 2
296, extr_FFmpeglibavformatudp.c_ff_udp_get_local_port_Final.c, 1, 0, 3, 3
297, extr_linuxnetipv4ip_sockglue.c_getsockopt_needs_rtnl_Final.c, 1, 0, 5, 5
298, extr_linuxdriversgpudrmi915intel_acpi.c_intel_dsm_mux_type_Final.c, 2, 1, 4, 4
299, extr_linuxdriverspwmcore.c_pwm_set_chip_data_Final.c, 2, 1, 5, 5
300, extr_linuxdriversmediaplatformsh_vou.c_sh_vou_s_output_Final.c, 1, 0, 5, 5
301, extr_linuxdriversinfinibandhwocrdmaocrdma.h_ocrdma_is_enabled_and_synced_Final.c, 1, 0, 7, 7
302, extr_linuxdriversgpudrmamdamdgpusoc15.c_soc15_get_xclk_Final.c, 1, 0, 2, 2
303, extr_linuxdriversnetwirelessrealtekrtl8192cuos_deposdep_service.c_rtw_end_of_queue_search_Final.c, 1, 0, 6, 6
304, extr_linuxblockblk-settings.c_blk_queue_virt_boundary_Final.c, 1, 0, 2, 2
305, extr_linuxdriversideide-4drives.c_ide_4drives_init_dev_Final.c, 3, 0, 5, 5
306, extr_linuxdriversgpuhost1xhwhost1x04_hardware.h_host1x_opcode_incr_Final.c, 1, 0, 5, 5
307, extr_linuxdriversusbdwc2gadget.c_using_desc_dma_Final.c, 1, 0, 2, 2
308, extr_linuxdriverschartpmst33zp24spi.c_st33zp24_status_to_errno_Final.c, 2, 1, 5, 5
309, extr_linuxarchmicroblazekernelprocess.c_start_thread_Final.c, 1, 0, 4, 4
310, extr_h2odepsklibkmath.c_kr_srand0_Final.c, 2, 1, 10, 10
311, extr_hashcatsrcmodulesmodule_20012.c_module_init_Final.c, 1, 0, 89, 89
312, extr_linuxnetatmproc.c_compare_family_Final.c, 2, 1, 6, 6
313, extr_mpvsubsd_lavc.c_convert_pal_Final.c, 9, 1, 124, 3736
314, extr_FFmpeglibavfilteravfilter.c_avfilter_link_get_channels_Final.c, 1, 0, 2, 2
315, extr_linuxdriversgpudrmamdpowerplayhwmgrsmu_helper.c_phm_get_lowest_enabled_level_Final.c, 3, 0, 7, 13
316, extr_radare2libranal..includer_endian.h_UT8_MUL_Final.c, 3, 1, 11, 11
317, extr_linuxdriversatapata_ep93xx.c_ep93xx_pata_get_wst_Final.c, 1, 0, 11, 11
318, extr_linuxdriversblockfloppy.c_fd_eject_Final.c, 1, 0, 3, 3
319, extr_emscriptentestslzmalzmaLzmaEnc.c_RangeEnc_Init_Final.c, 1, 0, 10, 10
320, extr_linuxfslocks.c_locks_overlap_Final.c, 3, 0, 9, 9
321, extr_darwin-xnubsdnfsnfs_bio.c_nfs_buf_refrele_Final.c, 1, 0, 2, 2
322, extr_linuxdriversmddm-region-hash.c_dm_rh_get_region_size_Final.c, 1, 0, 2, 2
323, extr_linuxdriversgpudrmmsmadrenoadreno_pm4.xml.h_CP_LOAD_STATE_0_STATE_BLOCK_Final.c, 1, 0, 5, 5
324, extr_linuxdriversbaseregmapregmap.c__regmap_register_page_Final.c, 1, 0, 6, 6
325, extr_radare2librasmarchxtensagnuxtensa-modules.c_Opcode_rsr_excsave5_Slot_inst_encode_Final.c, 1, 0, 2, 2
326, extr_mimikatzmoduleskull_m_crypto.c_kull_m_crypto_keytype_to_str_Final.c, 4, 3, 8, 8
327, extr_linuxdriversnetethernetmellanoxmlxswspectrum1_mr_tcam.c_mlxsw_sp1_mr_tcam_protocol_region_Final.c, 1, 0, 4, 4
328, extr_linuxdriversusbhostdwc_otgdwc_otg_hcd.h_dwc_otg_hcd_is_pipe_control_Final.c, 1, 0, 5, 5
329, extr_linuxdriverspinctrlmediatekmtk-eint.h_mtk_eint_set_debounce_Final.c, 1, 0, 3, 3
330, extr_h2odepsbrotlicencbrotli_bit_stream.c_InitBlockTypeCodeCalculator_Final.c, 1, 0, 3, 3
331, extr_gittree.c_parse_tree_buffer_Final.c, 2, 1, 4, 4
332, extr_linuxdriversttyserial82508250_omap.c_omap_8250_rx_dma_Final.c, 1, 0, 3, 3
333, extr_linuxdriverscharagpparisc-agp.c_parisc_agp_mask_memory_Final.c, 1, 0, 3, 3
334, extr_netdatawebserverweb_client.c_web_response_code_to_string_Final.c, 5, 4, 12, 12
335, extr_linuxdriversgpudrmmsmadrenoa3xx.xml.h_A3XX_GRAS_SC_WINDOW_SCISSOR_TL_X_Final.c, 1, 0, 5, 5
336, extr_Craftdepsglfwdepstinycthread.c_thrd_detach_Final.c, 1, 0, 2, 2
337, extr_darwin-xnuosfmkkernhost.c_host_page_size_Final.c, 3, 0, 8, 8
338, extr_linuxdriversgpudrmmsmhdmihdmi.xml.h_HDMI_8x60_PHY_REG1_DTEST_MUX_SEL_Final.c, 1, 0, 5, 5
339, extr_linuxdrivershidhid-input.c_match_index_Final.c, 1, 0, 4, 4
340, extr_linuxdriversvfiomdevmdev_core.c_mdev_dev_Final.c, 1, 0, 2, 2
341, extr_linuxfscachefilesproc.c_cachefiles_histogram_start_Final.c, 0, 0, 0, 0
342, extr_reactosdlldirectxwinewined3dwined3d_private.h_wined3d_const_bo_address_Final.c, 1, 0, 2, 2
343, extr_obs-studiopluginsobs-ffmpegobs-ffmpeg-nvenc.c_valid_format_Final.c, 1, 0, 10, 10
344, extr_hashcatsrcrp.c_class_num_Final.c, 1, 0, 5, 5
345, extr_php-srcextmbstringlibmbflfiltersmbfilter_cp5022x.c_mbfl_filt_ident_cp50220_Final.c, 3, 1, 13, 13
346, extr_linuxdriversnetwirelessathath9khw.c_fixup_chainmask_Final.c, 1, 0, 4, 4
347, extr_kphp-kdbcopyexeccopyexec-data.c_tlist_clear_Final.c, 1, 0, 3, 3
348, extr_linuxdriversgpudrmi915i915_pmu.c_engine_config_sample_Final.c, 1, 0, 3, 3
349, extr_linuxdriversgpudrmmsmadrenoa4xx.xml.h_A4XX_VFD_FETCH_INSTR_3_STEPRATE_Final.c, 1, 0, 5, 5
350, extr_linuxdriversvideohdmi.c_hdmi_colorimetry_get_name_Final.c, 2, 1, 5, 5
351, extr_jqsrcjv.c_jvp_refcnt_inc_Final.c, 1, 0, 2, 2
352, extr_linuxdriversgpudrmexynosexynos_drm_ipp.h_exynos_drm_ipp_get_caps_ioctl_Final.c, 1, 0, 3, 3
353, extr_FFmpeglibavutilcolor_utils.c_avpriv_get_gamma_from_trc_Final.c, 2, 1, 5, 5
354, extr_darwin-xnubsdnetrtsock.c_rtm2str_Final.c, 2, 1, 5, 5
355, extr_linuxdriversstagingrtl8723bscorertw_security.c_secmicclear_Final.c, 1, 0, 7, 7
356, extr_linuxdriversipackdevicesipoctal.c_ipoctal_get_icount_Final.c, 1, 0, 10, 10
357, extr_linuxdriversnetethernetbroadcombcm63xx_enet.c_bcm_enetsw_get_sset_count_Final.c, 2, 1, 5, 5
358, extr_emscriptensystemliblibcmuslsrccryptcrypt_sha256.c_ror_Final.c, 1, 0, 8, 8
359, extr_linuxdriversgpudrmmsmadrenoa6xx.xml.h_A6XX_VFD_CONTROL_1_REGID4VTX_Final.c, 1, 0, 5, 5
360, extr_radare2librasmarchv850v850_disas.h_get_subopcode_Final.c, 1, 0, 4, 4
361, extr_linuxdriversnetethernetqlogicqlcnicqlcnic_io.c_qlcnic_clear_cmddesc_Final.c, 1, 0, 4, 4
362, extr_redissrcquicklist.c_quicklistSetFill_Final.c, 1, 0, 8, 8
363, extr_linuxdriversnetwirelessathath5kpcu.c_ath5k_hw_get_default_slottime_Final.c, 5, 4, 13, 13
364, extr_linuxsoundsocatmelatmel_ssc_dai.c_atmel_ssc_cfs_Final.c, 1, 0, 7, 7
365, extr_gitewahewah_bitmap.c_min_size_Final.c, 1, 0, 4, 4
366, extr_linuxcryptoecc.c_vli_clear_Final.c, 4, 0, 9, 9
367, extr_hashcatsrcmodulesmodule_11850.c_module_init_Final.c, 1, 0, 87, 87
368, extr_linuxfsxfslibxfsxfs_bit.c_xfs_bitmap_empty_Final.c, 0, 0, 0, 0
369, extr_h2olibcommonbalancerroundrobin.c_select_next_Final.c, 1, 0, 8, 8
370, extr_linuxdriversusbmusbmusb_core.c_musb_indexed_ep_offset_Final.c, 1, 0, 2, 2
371, extr_linuxdriversgpudrmmsmadrenoa6xx.xml.h_A6XX_HLSQ_CS_NDRANGE_0_KERNELDIM_Final.c, 1, 0, 5, 5
372, extr_linuxsoundusbline6pcm.c_snd_line6_control_playback_info_Final.c, 1, 0, 7, 7
373, extr_linuxdriversfirmwarearm_scpi.c_scpi_to_linux_errno_Final.c, 3, 1, 7, 7
374, extr_linuxdriversmediapcitw5864tw5864-video.c_tw5864_get_v4l2_std_Final.c, 2, 1, 5, 5
375, extr_linuxmmkasankasan.c_in_irqentry_text_Final.c, 1, 0, 13, 13
376, extr_linuxdriversnetwirelessinteliwlegacycommon.c_il_get_active_dwell_time_Final.c, 1, 0, 12, 12
377, extr_reactossdklib3rdpartyfreetypesrcotvalidotvgpos.c_otv_value_length_Final.c, 1, 0, 16, 16
378, extr_linuxdriversgpudrmmsmadrenoa6xx.xml.h_A6XX_DBGC_CFG_DBGBUS_CNTLM_ENABLE_Final.c, 1, 0, 5, 5
379, extr_linuxnetcaifcffrml.c_cffrml_set_dnlayer_Final.c, 1, 0, 2, 2
380, extr_linuxdriversnetethernetmellanoxmlx5corewq.h_mlx5_wq_cyc_is_full_Final.c, 1, 0, 5, 5
381, extr_linuxblockblk-integrity.c_blk_integrity_nop_fn_Final.c, 1, 0, 2, 2
382, extr_micropythonportsstm32usbhostClassAUDIOSrcusbh_audio.c_USBH_AUDIO_SOFProcess_Final.c, 1, 0, 2, 2
383, extr_radare2librasmarchxtensagnuxtensa-modules.c_Operand_lsi4x4_decode_Final.c, 1, 0, 6, 6
384, extr_linuxdriversgpudrmmsmadrenoa5xx.xml.h_A5XX_RB_STENCILREFMASK_BF_STENCILREF_Final.c, 1, 0, 5, 5
385, extr_linuxarchmipssgi-ip22ip28-berr.c_cause_excode_text_Final.c, 1, 0, 4, 4
386, extr_linuxdriverscryptoqatqat_c3xxxadf_c3xxx_hw_data.c_get_misc_bar_id_Final.c, 1, 0, 2, 2
387, extr_linuxdriversiiolighttsl2772.c_tsl2772_device_id_verif_Final.c, 2, 1, 6, 6
388, extr_radare2librbinpdbtpi.c_init_tpi_stream_Final.c, 1, 0, 3, 3
389, extr_linuxlibstring_helpers.c_unescape_space_Final.c, 2, 1, 8, 8
390, extr_linuxdriversnetethernetnetronomenfpnic..nfp_app.h_nfp_app_has_tc_Final.c, 2, 1, 7, 7
391, extr_linuxdriverss390blockdasd.c__wait_for_device_Final.c, 1, 0, 5, 5
392, extr_linuxdriversnetethernetsfcmcdi_port.c_mcdi_to_ethtool_media_Final.c, 2, 1, 6, 6
393, extr_kphp-kdbsearchsearch-x-data.c_get_word_frequency_Final.c, 2, 1, 5, 5
394, extr_linuxdriversnetwirelessatmelat76c50x-usb.c_at76_calc_padding_Final.c, 1, 0, 18, 18
395, extr_linuxdriversgpudrmmsmadrenoa5xx.xml.h_A5XX_RB_MRT_FLAG_BUFFER_PITCH_Final.c, 1, 0, 6, 6
396, extr_kphp-kdbsearchsearch-import-dump.c_store_map_Final.c, 3, 1, 5, 5
397, extr_linuxdriversmediacommonv4l2-tpgv4l2-tpg-core.c_tpg_update_mv_step_Final.c, 6, 3, 21, 21
398, extr_linuxarchia64kernelefi.c_efi_uc_Final.c, 1, 0, 3, 3
399, extr_linuxsoundsocbcmpisound.c_pisnd_output_open_Final.c, 1, 0, 3, 3
400, extr_tmuxcompatimsg-buffer.c_ibuf_seek_Final.c, 2, 1, 6, 6
401, extr_micropythonportsstm32uart.h_uart_tx_avail_Final.c, 1, 0, 4, 4
402, extr_toxcoretoxcoreassoc.c_odd_min9_is_prime_Final.c, 6, 2, 21, 30
403, extr_linuxkernelcpu.c_cpuhp_cb_check_Final.c, 1, 0, 8, 8
404, extr_gitrefsiterator.c_is_empty_ref_iterator_Final.c, 1, 0, 4, 4
405, extr_linuxdriverscryptoqatqat_c3xxxadf_c3xxx_hw_data.c_adf_clean_hw_data_c3xxx_Final.c, 1, 0, 3, 3
406, extr_mpvvideooutgpuosd.c_get_3d_side_by_side_Final.c, 3, 2, 9, 9
407, extr_openssltestsslapitest.c_setupbio_Final.c, 4, 3, 7, 7
408, extr_raspberry-pi-osexerciseslesson031rssrcprintf.c_a2d_Final.c, 3, 2, 9, 9
409, extr_linuxdriversnetwirelessrealtekrtlwifirtl8192cetrx.c__rtl92c_query_rxpwrpercentage_Final.c, 1, 0, 9, 9
410, extr_opensslcryptoevpevp_lib.c_EVP_CIPHER_CTX_set_num_Final.c, 1, 0, 2, 2
411, extr_nodemcu-firmwareapplibcc_stdio.c__getbase_Final.c, 2, 1, 5, 5
412, extr_linuxdriversgpudrmmsmdispmdp5mdp5.xml.h_MDP5_SMP_ALLOC_W_REG_CLIENT1_Final.c, 1, 0, 5, 5
413, extr_wcdbandroidsqlciphersqlite3.c_storeLastErrno_Final.c, 1, 0, 2, 2
414, extr_darwin-xnubsddevarmkern_machdep.c_pie_required_Final.c, 1, 0, 8, 8
415, extr_linuxdriversinfinibandhwocrdmaocrdma_verbs.c_ocrdma_srq_toggle_bit_Final.c, 1, 0, 8, 8
416, extr_linuxdriversnetwirelessintelipw2x00libipw.h_libipw_is_cck_rate_Final.c, 1, 0, 8, 8
417, extr_linuxfskernfsdir.c_kernfs_depth_Final.c, 2, 1, 7, 7
418, extr_reactoswin32ssgdidibdib16bpp.c_Clamp5_Final.c, 1, 0, 4, 4
419, extr_linuxblockbfq-cgroup.c_bfq_find_set_group_Final.c, 1, 0, 2, 2
420, extr_reactosdll3rdpartylibxsltnumbers.c_xsltIsDigitZero_Final.c, 7, 4, 15, 15
421, extr_linuxfsdlmdebug_fs.c_print_lockmode_Final.c, 2, 1, 5, 5
422, extr_linuxfsnfsdnfs4proc.c_nfsd4_getfh_rsize_Final.c, 1, 0, 5, 5
423, extr_linuxarchx86kvmmmu.c_get_mmio_spte_gfn_Final.c, 1, 0, 9, 9
424, extr_FFmpeglibavcodeccbs_av1.c_cbs_av1_tile_log2_Final.c, 3, 0, 10, 10
425, extr_linuxdriverssocqcomllcc-slice.c_llcc_get_slice_size_Final.c, 1, 0, 2, 2
426, extr_anypixelfirmwarecontrollerThirdPartySPLsrcstm32f4xx_dma.c_DMA_StructInit_Final.c, 1, 0, 27, 27
427, extr_linuxdriversgpudrmi915selftests..intel_guc_log.h_intel_guc_log_get_level_Final.c, 1, 0, 2, 2
428, extr_linuxdrivershwmonnct6775.c_fan_from_reg16_Final.c, 3, 1, 11, 11
429, extr_linuxsoundsocrockchiprockchip_i2s.c_rockchip_i2s_volatile_reg_Final.c, 1, 0, 5, 5
430, extr_linuxdriversgpudrmamdpowerplayhwmgrsmu8_hwmgr.c_smu8_init_power_gate_state_Final.c, 1, 0, 5, 5
431, extr_linuxdriversnetethernetqlogicqedqed_mcp.c_qed_mcp_get_link_capabilities_Final.c, 2, 1, 4, 4
432, extr_linuxarchsparckernelchmc.c_chmc_bank_match_Final.c, 3, 1, 16, 16
433, extr_radare2libreggrlccmpcmpc.c_mpc_re_range_escape_char_Final.c, 3, 1, 7, 7
434, extr_kittykittyline.c___len___Final.c, 1, 0, 2, 2
435, extr_linuxdriversgpudrmmsmadrenoa5xx.xml.h_REG_A5XX_CP_PROTECT_REG_Final.c, 1, 0, 2, 2
436, extr_FFmpeglibavfiltervf_vmafmotion.c_vmafmotiondsp_init_Final.c, 1, 0, 11, 11
437, extr_linuxdriversinputmiscdrv260x.c_drv260x_calculate_voltage_Final.c, 1, 0, 6, 6
438, extr_linuxsecurityselinuxssservices.c_security_get_reject_unknown_Final.c, 1, 0, 3, 3
439, extr_FFmpeglibavcodecmpegaudiodecheader.h_ff_mpa_check_header_Final.c, 1, 0, 20, 20
440, extr_linuxdriversmtdchipscfi_cmdset_0002.c_fixup_use_secsi_Final.c, 1, 0, 4, 4
441, extr_darwin-xnubsdnetnecp.c_necp_mark_packet_from_ip_Final.c, 3, 1, 7, 7
442, extr_php-srcsapicliphp_cli_server.c_php_cli_server_sigint_handler_Final.c, 1, 0, 2, 2
443, extr_linuxdriversgpudrmmsmadrenoa4xx.xml.h_A4XX_RB_COPY_CONTROL_GMEM_BASE_Final.c, 1, 0, 6, 6
444, extr_darwin-xnubsdvfskpi_vfs.c_vfs_throttle_mask_Final.c, 1, 0, 2, 2
445, extr_linuxdriversnetethernetinteli40ei40e_ethtool.c_i40e_get_rxfh_key_size_Final.c, 1, 0, 2, 2
446, extr_php-srcextdatelibtm2unixtime.c_do_range_limit_Final.c, 3, 2, 14, 14
447, extr_linuxdriversstagingmostvideovideo.c_vidioc_g_std_Final.c, 1, 0, 4, 4
448, extr_FFmpeglibavcodecmpeg4video.c_ff_mpeg4_init_direct_mv_Final.c, 2, 1, 3, 3
449, extr_linuxdriversmediausbdvb-usbopera1.c_opera1_i2c_func_Final.c, 1, 0, 2, 2
450, extr_linuxdriversinfinibandcoreucma.c_ucma_get_qp_type_Final.c, 2, 1, 7, 7
451, extr_linuxdriversgpudrmmsmdispmdp5mdp5.xml.h_MDP5_IGC_LUT_REG_VAL_Final.c, 1, 0, 5, 5
452, extr_linuxtoolsperfuibrowsers....utilxyarray.h_xyarray__max_x_Final.c, 1, 0, 2, 2
453, extr_linuxdriversgpudrmdrm_fb_helper.c_drm_fb_helper_fill_fix_Final.c, 1, 0, 18, 18
454, extr_linuxdriversgpudrmamddisplaydcbasicsfixpt31_32.c_abs_i64_Final.c, 1, 0, 4, 4
455, extr_darwin-xnuosfmkkernzcache.c_zcache_swap_magazines_Final.c, 1, 0, 5, 5
456, extr_reactosbaseapplicationsgameswinminemain.c_ShiftBetween_Final.c, 4, 1, 11, 11
457, extr_linuxdriversnetwanhd64570.c_port_to_dev_Final.c, 1, 0, 2, 2
458, extr_rufussrcext2fsext2_fs.h_EXT2_INODE_Final.c, 1, 0, 2, 2
459, extr_linuxdrivershwmontmp108.c_tmp108_mC_to_temp_reg_Final.c, 1, 0, 8, 8
460, extr_linuxarchx86eventsinteluncore_snbep.c_ivbep_cbox_filter_mask_Final.c, 2, 1, 22, 22
461, extr_wcdbandroidsqlciphersqlite3.c_sqlite3_value_type_Final.c, 1, 0, 4, 4
462, extr_linuxdriversblockmtip32xxmtip32xx.c_implicit_sector_Final.c, 5, 4, 12, 12
463, extr_linuxdriverstargettarget_core_transport.c_cmd_state_name_Final.c, 2, 1, 5, 5
464, extr_linuxdriversgpudrmmsmadrenoa6xx.xml.h_REG_A6XX_VFD_FETCH_STRIDE_Final.c, 1, 0, 2, 2
465, extr_linuxdriversgpudrmrcar-durcar_du_drv.h_rcar_du_has_Final.c, 1, 0, 4, 4
466, extr_linuxdriversinfinibandhwcxgb4cm.c___state_set_Final.c, 1, 0, 2, 2
467, extr_h2odepspicotlst..libpicotls.c_ptls_get_cipher_Final.c, 1, 0, 2, 2
468, extr_linuxtoolsperfuibrowser.c_ui_browser__percent_color_Final.c, 4, 1, 9, 9
469, extr_ccvlib3rdpartysqlite3sqlite3.c_pragmaVtabRowid_Final.c, 1, 0, 4, 4
470, extr_linuxdriversnetwirelessbroadcombrcm80211brcmsmacaiutils.h_ai_get_chip_id_Final.c, 0, 0, 0, 0
471, extr_memcachedextstore.c__next_version_Final.c, 1, 0, 4, 4
472, extr_labenginecodeclientsnd_wavelet.c_NXPutc_Final.c, 1, 0, 5, 5
473, extr_linuxdriversgpudrmmsmadrenoa3xx.xml.h_A3XX_PC_PRIM_VTX_CNTL_STRIDE_IN_VPC_Final.c, 1, 0, 5, 5
474, extr_reactosbootfreeldrfreeldruinoui.c_NoUiDisplayMenu_Final.c, 1, 0, 4, 4
475, extr_linuxarchmicroblazepcipci-common.c_null_read_config_Final.c, 1, 0, 2, 2
476, extr_openpilotphonelibsnanovgnanovg.c_nvgRGBAf_Final.c, 1, 0, 4, 4
477, extr_tenginesrccorengx_string.c_ngx_filename_cmp_Final.c, 0, 0, 0, 0
478, extr_radare2libranal..includer_utilr_num.h_r_num_abs_Final.c, 1, 0, 4, 4
479, extr_obs-studiolibobsutilcf-lexer.c_is_sys_include_Final.c, 3, 1, 8, 8
480, extr_linuxdriversscsiqla2xxxqla_target.c_qlt_hba_err_chk_enabled_Final.c, 2, 1, 6, 6
481, extr_linuxdriversinfinibandhwocrdmaocrdma_hw.c_ocrdma_init_mch_Final.c, 1, 0, 9, 9
482, extr_linuxdriversttyserialxilinx_uartps.c_cdns_uart_get_mctrl_Final.c, 1, 0, 4, 4
483, extr_linuxdriversscsilpfclpfc_scsi.c_lpfc_no_handler_Final.c, 1, 0, 2, 2
484, extr_linuxdriversatapata_mpc52xx.c_mpc52xx_ata_compute_udma_timings_Final.c, 2, 1, 5, 5
485, extr_linuxdriversnetwirelessrealtekrtlwifibtcoexisthalbtcoutsrc.c_rtl_get_hwpg_bt_type_Final.c, 1, 0, 2, 2
486, extr_opensslsslstatemstatem.c_ossl_statem_set_in_init_Final.c, 1, 0, 2, 2
487, extr_linuxdriversiommuarm-smmu.c_arm_smmu_device_acpi_probe_Final.c, 1, 0, 3, 3
488, extr_raspberry-pi-osexerciseslesson053bl4ckout31srcprintf.c_ui2a_Final.c, 9, 2, 49, 69
489, extr_linuxdriversttyserialpxa.c_serial_pxa_type_Final.c, 1, 0, 2, 2
490, extr_reactosdllwin32jscriptglobal.c_is_uri_reserved_Final.c, 2, 1, 4, 4
491, extr_linuxdriversusbhostdwc_otgdwc_otg_hcd.h_dwc_otg_hcd_fill_pipe_Final.c, 1, 0, 6, 6
492, extr_linuxdriversnetwirelessrealtekrtl8192cucorertw_ioctl_rtl.c_oid_rt_get_key_mismatch_hdl_Final.c, 1, 0, 7, 7
493, extr_darwin-xnubsdsecurityauditaudit_syscalls.c_getauid_Final.c, 1, 0, 2, 2
494, extr_linuxdriversirqchipirq-atmel-aic-common.c_aic_common_set_priority_Final.c, 1, 0, 6, 6
495, extr_reactossdktoolsfattenfatfsdiskio.c_disk_status_Final.c, 2, 1, 4, 4
496, extr_linuxdriversstagingrtl8723bshalhal_btcoex.c_halbtcoutsrc_GetBtPatchVer_Final.c, 1, 0, 2, 2
497, extr_linuxtoolsperfutilintel-pt-decoderintel-pt-pkt-decoder.c_intel_pt_get_psbend_Final.c, 1, 0, 4, 4
498, extr_linuxdriversscsiufsufshcd.c_ufs_get_desired_pm_lvl_for_dev_link_state_Final.c, 2, 1, 5, 5
499, extr_linuxarchpowerpckernelpci-common.c_null_read_config_Final.c, 1, 0, 2, 2
500, extr_linuxdriversusbstorageisd200.c_isd200_srb_set_bufflen_Final.c, 1, 0, 2, 2
501, extr_labenginecodebspcbrushbsp.c_WindingIsHuge_Final.c, 3, 2, 16, 16
502, extr_linuxdriversgpudrmmsmdispmdp5mdp5.xml.h_MDP5_PIPE_SRC_STRIDE_A_P1_Final.c, 1, 0, 5, 5
503, extr_linuxdriversinfinibandhwocrdmaocrdma_hw.c_ocrdma_get_mqe_rsp_Final.c, 1, 0, 4, 4
504, extr_linuxdriversgpudrmmsmadrenoadreno_pm4.xml.h_CP_SET_BIN_DATA5_3_BIN_SIZE_ADDRESS_LO_Final.c, 1, 0, 5, 5
505, extr_linuxnetnetfilteripvsip_vs_est.c_ip_vs_read_estimator_Final.c, 1, 0, 13, 13
506, extr_radare2librasmarchxtensagnuxtensa-modules.c_Opcode_slli_Slot_xt_flix64_slot1_encode_Final.c, 1, 0, 2, 2
507, extr_linuxdriversstagingcomedidriversamplc_dio200_common.c_clk_gat_sce_Final.c, 1, 0, 10, 10
508, extr_linuxdriversgpudrmmsmadrenoa5xx.xml.h_A5XX_VPC_PACK_PSIZELOC_Final.c, 1, 0, 5, 5
509, extr_linuxdriversmediaplatformexynos4-isfimc-is.h_fimc_is_set_param_ctrl_cmd_Final.c, 1, 0, 3, 3
510, extr_macvimsrcgui_gtk_x11.c_gui_mch_set_blinking_Final.c, 1, 0, 4, 4
511, extr_hashcatdepsxxHashxxhash.c_XXH_swap32_Final.c, 1, 0, 3, 3
512, extr_wcdbandroidsqlciphersqlite3.c_findRightmost_Final.c, 2, 0, 5, 5
513, extr_linuxdriversstagingvc04_servicesinterfacevchiq_armvchiq_core.c_calc_stride_Final.c, 1, 0, 3, 3
514, extr_linuxdriversnetcandev.c_can_newlink_Final.c, 1, 0, 3, 3
515, extr_linuxdriversmediaplatformti-vpevpdma_priv.h_ctd_get_ctl_Final.c, 1, 0, 3, 3
516, extr_kphp-kdbTLtl-scheme.c_tl_scheme_double_value_Final.c, 4, 3, 9, 9
517, extr_robotjssrcpng_io.c_MMPNGReadErrorString_Final.c, 2, 1, 5, 5
518, extr_linuxkernelbpfinode.c_bpffs_obj_open_Final.c, 1, 0, 3, 3
519, extr_libgit2srctransportscred.c_git_cred__username_Final.c, 2, 1, 6, 6
520, extr_linuxarcharmmach-omap1lcd_dma.c_omap_set_lcd_dma_ext_controller_Final.c, 1, 0, 2, 2
521, extr_linuxdriversgpudrmamdamdgpudce_virtual.c_dce_virtual_mode_valid_Final.c, 1, 0, 2, 2
522, extr_linuxdriversnetteamteam_mode_activebackup.c_ab_priv_Final.c, 1, 0, 2, 2
523, extr_linuxsoundpcihdahda_intel.c_default_bdl_pos_adj_Final.c, 2, 1, 11, 11
524, extr_linuxdriversvideofbdevatafb.c_hxx_prescale_Final.c, 2, 1, 4, 4
525, extr_linuxdriversmediaceccec-edid.c_cec_phys_addr_validate_Final.c, 15, 3, 43, 43
526, extr_linuxnetrxrpcaf_rxrpc.c_rxrpc_kernel_check_life_Final.c, 1, 0, 2, 2
527, extr_linuxdriversmmccorepwrseq.h_mmc_pwrseq_register_Final.c, 1, 0, 3, 3
528, extr_linuxsounddriversopl4opl4_mixer.c_snd_opl4_ctl_info_Final.c, 1, 0, 7, 7
529, extr_radare2libranalpanal_arm_cs.c_vector_data_type_name_Final.c, 2, 1, 5, 5
530, extr_linuxmmz3fold.c_encode_handle_Final.c, 2, 1, 4, 4
531, extr_linuxdriversnetethernetmarvellskge.c_skge_pause_Final.c, 2, 1, 5, 5
532, extr_radare2librbinmanglingcxxcp-demangle.c_d_print_saw_error_Final.c, 1, 0, 4, 4
533, extr_linuxmmfilemap.c_generic_file_mmap_Final.c, 1, 0, 3, 3
534, extr_linuxdriversnetwirelessbroadcomb43pio.c_pio_txqueue_offset_Final.c, 1, 0, 6, 6
535, extr_linuxdriversgpudrmmsmdispmdp5mdp5.xml.h_MDP5_LM_OUT_SIZE_WIDTH_Final.c, 1, 0, 5, 5
536, extr_ccvlib3rdpartysfmtSFMT.h_sfmt_to_real1_Final.c, 1, 0, 2, 2
537, extr_linuxdriversnetethernetatherosatl1eatl1e_ethtool.c_atl1e_get_regs_len_Final.c, 1, 0, 3, 3
538, extr_linuxdriversgpudrmi915intel_display.c_skl_plane_ctl_alpha_Final.c, 1, 0, 7, 7
539, extr_emscriptensystemliblibcmuslsrcregexregcomp.c_hexval_Final.c, 3, 0, 10, 10
540, extr_obs-studiolibobsmedia-ioaudio-io.h_get_audio_channels_Final.c, 2, 1, 5, 5
541, extr_linuxsoundpcihdahda_proc.c_get_jack_type_Final.c, 1, 0, 5, 5
542, extr_obs-studiodepslibcaptionsrceia608.c_eia608_parse_control_Final.c, 1, 0, 17, 17
543, extr_linuxdriversvideofbdevsisinit.c_SiS_SetEnableDstn_Final.c, 1, 0, 5, 5
544, extr_linuxarchx86realmoderm....bootvideo-mode.c_mode_defined_Final.c, 2, 1, 6, 6
545, extr_php-srcextopcachejitzend_jit_disasm_x86.c_zend_jit_cmp_labels_Final.c, 1, 0, 7, 7
546, extr_linuxdriversgpudrmi915i915_gem.c_fb_write_origin_Final.c, 1, 0, 5, 5
547, extr_mpvvideooutd3d11ra_d3d11.c_get_shader_target_Final.c, 3, 2, 10, 10
548, extr_linuxdriversmediadvb-frontendsmxl5xx.c_conv_fec_Final.c, 1, 0, 29, 29
549, extr_linuxsoundisacs423xcs4236_lib.c_snd_cs4235_mixer_output_accu_set_volume_Final.c, 1, 0, 3, 3
550, extr_reactossdklibcrtstdlibswab.c__swab_Final.c, 9, 0, 42, 508
551, extr_linuxdriversnetethernetmellanoxmlx5corewq.h_mlx5_cqwq_pop_Final.c, 1, 0, 2, 2
552, extr_radare2librcorepanels.c_handle_tab_new_Final.c, 2, 1, 6, 6
553, extr_linuxdriversgpudrmmsmadrenoa5xx.xml.h_A5XX_TEX_SAMP_0_WRAP_T_Final.c, 1, 0, 5, 5
554, extr_h2odepshiredisasync.c_redisAsyncSetDisconnectCallback_Final.c, 2, 1, 5, 5
555, extr_linuxdriverss390netqeth_l3_main.c_qeth_l3_convert_addr_to_bits_Final.c, 4, 0, 41, 8677
556, extr_linuxdriversgpuipu-v3ipu-csi.c_mbus_code_to_bus_cfg_Final.c, 2, 1, 6, 6
557, extr_linuxarchpowerpcplatformsps3mm.c_make_page_sizes_Final.c, 1, 0, 5, 5
558, extr_linuxdrivershidhid-input.c_match_keycode_Final.c, 2, 1, 5, 5
559, extr_linuxdriversmtdnandrawnand_base.c_nand_read_page_raw_notsupp_Final.c, 1, 0, 3, 3
560, extr_linuxsoundpcipcxhrpcxhr_mixer.c_pcxhr_digital_vol_info_Final.c, 1, 0, 9, 9
561, extr_linuxdriversgpudrmamddisplaydccoredc_link_dp.c_reduce_lane_count_Final.c, 4, 2, 8, 8
562, extr_linuxdriversgpuhost1xhwhw_host1x05_uclass.h_host1x_uclass_incr_syncpt_indx_f_Final.c, 1, 0, 2, 2
563, extr_kphp-kdbcommonutf8_utils.c_convert_prep_Final.c, 3, 1, 7, 7
564, extr_linuxdriversgpudrmmsmadrenoa6xx.xml.h_REG_A6XX_RB_MRT_BUF_INFO_Final.c, 1, 0, 2, 2
565, extr_linuxdriversgpudrmmsmadrenoa4xx.xml.h_REG_A4XX_CP_SCRATCH_REG_Final.c, 1, 0, 2, 2
566, extr_linuxdriversgpudrmamdamdgpuamdgpu_fb.c_amdgpu_align_pitch_Final.c, 2, 1, 9, 9
567, extr_linuxdriversnetethernetsamsungsxgbesxgbe_ethtool.c_sxgbe_get_regs_len_Final.c, 1, 0, 2, 2
568, extr_linuxdriversiiohumidityhid-sensor-humidity.c_humidity_adjust_channel_bit_mask_Final.c, 1, 0, 7, 7
569, extr_linuxdriversnetwirelessinteliwlwifimvmmvm.h_iwl_mvm_is_dqa_data_queue_Final.c, 1, 0, 7, 7
570, extr_linuxdriversledsleds-sc27xx-bltc.c_sc27xx_led_get_offset_Final.c, 1, 0, 6, 6
571, extr_raspberry-pi-osexerciseslesson061xdfm1srcprintf.c_ui2a_Final.c, 9, 2, 49, 69
572, extr_linuxdriverscryptoomap-sham.c_omap_sham_get_res_of_Final.c, 1, 0, 3, 3
573, extr_linuxsoundpciice1712prodigy192.c_stac9460_adc_vol_info_Final.c, 1, 0, 7, 7
574, extr_linuxsoundpciice1712aureon.c_aureon_cs8415_spdif_info_Final.c, 1, 0, 5, 5
575, extr_kphp-kdbKPHPphp-engine.c_lease_change_state_Final.c, 3, 0, 5, 5
576, extr_h2olibhandlermimemap.c_on_unlink_Final.c, 2, 1, 3, 3
577, extr_linuxtoolsperfuistdio....utilevsel.h_perf_evsel__match2_Final.c, 2, 1, 5, 5
578, extr_radare2librasmarchmsp430msp430_disas.c_get_dst_Final.c, 1, 0, 3, 3
579, extr_linuxdriversstagingandroidashmem.c_range_before_page_Final.c, 1, 0, 4, 4
580, extr_kphp-kdbimageimage-data.c_resize_height_Final.c, 1, 0, 5, 5
581, extr_linuxdrivershidhid-logitech-hidpp.c_hidpp_touchpad_touch_event_Final.c, 1, 0, 22, 22
582, extr_kittyglfwx11_window.c_isSelPropNewValueNotify_Final.c, 2, 1, 5, 5
583, extr_linuxsoundfirewiredice..amdtp-stream.h_amdtp_streaming_error_Final.c, 1, 0, 3, 3
584, extr_reactosdllwin32dbghelpcpu_arm.c_arm_fetch_minidump_module_Final.c, 1, 0, 2, 2
585, extr_linuxdriversnetethernetviavia-rhine.c_rhine_tx_queue_full_Final.c, 1, 0, 6, 6
586, extr_linuxsoundisagusgus_reset.c_snd_gf1_alloc_voice_use_Final.c, 4, 3, 8, 8
587, extr_reactossdklib3rdpartyadnssrcinternal.h_errno_resources_Final.c, 1, 0, 7, 7
588, extr_linuxdriversmediaradioradio-tea5777.c_tea5777_freq_to_v4l2_freq_Final.c, 3, 2, 7, 7
589, extr_linuxdriverspcicontroller..pci.h_of_pci_get_max_link_speed_Final.c, 1, 0, 3, 3
590, extr_linuxdriversnetethernetchelsiocxgb4cxgb4_ethtool.c_cc_to_eth_fec_Final.c, 5, 4, 13, 13
591, extr_linuxdriversgpudrmmsmadrenoa3xx.xml.h_A3XX_VPC_VARYING_PS_REPL_MODE_C8_Final.c, 1, 0, 5, 5
592, extr_toxcoretoxcorecrypto_core.c_increment_nonce_Final.c, 2, 1, 4, 4
593, extr_linuxdriversgpiogpio-pci-idio-16.c_idio_16_irq_set_type_Final.c, 3, 1, 7, 7
594, extr_linuxdriversgpudrmamdamdgpusi_dpm.c_si_get_mclk_frequency_ratio_Final.c, 3, 2, 6, 6
595, extr_linuxdriversmdpersistent-datadm-space-map-disk.c_sm_disk_root_size_Final.c, 1, 0, 3, 3
596, extr_skynetskynet-srcskynet_harbor.c_invalid_type_Final.c, 1, 0, 7, 7
597, extr_reactosdllwin32uxthememsstyles.c_MSSTYLES_GetPropertyBool_Final.c, 2, 1, 9, 9
598, extr_linuxsoundsoccodecsadau1373.c_adau1373_valid_micbias_Final.c, 1, 0, 5, 5
599, extr_linuxnetrdsib_ring.c_rds_ib_ring_oldest_Final.c, 1, 0, 2, 2
600, extr_radare2librasmarchxtensagnuxtensa-modules.c_Operand_mr1_encode_Final.c, 1, 0, 4, 4
601, extr_linuxdriversiiomagnetometerak8975.c_ak8963_09911_raw_to_gauss_Final.c, 1, 0, 6, 6
602, extr_kphp-kdbfilesysfilesys-data.c_add_use_Final.c, 2, 1, 9, 9
603, extr_linuxdriversgpiogpio-vx855.c_gpio_o_bit_Final.c, 0, 0, 0, 0
604, extr_darknetsrcstb_image.h_stbi__rewind_Final.c, 1, 0, 5, 5
605, extr_linuxdriversgpudrmmsmadrenoa3xx.xml.h_A3XX_HLSQ_CONTROL_1_REG_VSTHREADSIZE_Final.c, 1, 0, 5, 5
606, extr_reactosbaseapplicationscalcrpn_ieee.c_rpn_div_p_Final.c, 2, 1, 10, 10
607, extr_linuxdriversrapidiodevicesrio_mport_cdev.c_rio_mport_transfer_ioctl_Final.c, 1, 0, 3, 3
608, extr_linuxdriversnetethernetqlogicqedqed_vf.c_qed_vf_bulletin_get_udp_ports_Final.c, 1, 0, 6, 6
609, extr_linuxdriversgpudrmmsmadrenoadreno_common.xml.h_AXXX_CP_CSQ_IB1_STAT_WPTR_Final.c, 1, 0, 5, 5
610, extr_zstdcontriblinux-kernellibzstddecompress.c_ZSTD_isSkipFrame_Final.c, 1, 0, 5, 5
611, extr_linuxnetbatman-advhard-interface.c_batadv_is_cfg80211_netdev_Final.c, 3, 0, 6, 6
612, extr_linuxdriversstagingcomedidriversusbduxsigma.c_usbduxsigma_pwm_period_Final.c, 3, 1, 14, 14
613, extr_opensslcryptokmackmac.c_get_encode_size_Final.c, 3, 1, 6, 6
614, extr_hashcatsrcmodulesmodule_10800.c_module_init_Final.c, 1, 0, 87, 87
615, extr_linuxdriversnetethernetqlogicqedqed_sriov.h_qed_iov_get_next_active_vf_Final.c, 1, 0, 2, 2
616, extr_curllibcurl_ctype.c_Curl_isprint_Final.c, 2, 1, 4, 4
617, extr_linuxtoolsperfuistdio....utilhist.h_advance_hpp_Final.c, 1, 0, 3, 3
618, extr_linuxdriversmfdstmpe.c_stmpe24xx_get_altfunc_Final.c, 2, 1, 5, 5
619, extr_emscriptentestsfreetypesrcrasterftraster.c_Split_Conic_Final.c, 1, 0, 43, 43
620, extr_obs-studiolibobsutilprofiler.c_profiler_snapshot_entry_min_time_between_calls_Final.c, 2, 1, 4, 4
621, extr_linuxdriversnetethernettidavinci_cpdma.c_cpdma_get_num_rx_descs_Final.c, 1, 0, 2, 2
622, extr_libuiunixtab.c_uiTabNumPages_Final.c, 1, 0, 3, 3
623, extr_linuxdriversusbhostdwc_otgdwc_otg_cil.c_dwc_otg_get_param_max_transfer_size_Final.c, 1, 0, 3, 3
624, extr_linuxdriverspinctrlstm32..pinconf.h_pinconf_set_config_Final.c, 1, 0, 3, 3
625, extr_linuxdriversinputrmi4rmi_driver.c_rmi_driver_of_probe_Final.c, 1, 0, 3, 3
626, extr_linuxarchpowerpcplatformsps3spu.c_spu_pdata_Final.c, 1, 0, 2, 2
627, extr_darwin-xnuosfmkarmpmap.c_pmap_virtual_region_Final.c, 3, 2, 7, 7
628, extr_linuxsecurityselinuxibpkey.c_sel_ib_pkey_hashfn_Final.c, 1, 0, 4, 4
629, extr_linuxsoundsoccodecstas5720.c_tas5720_is_volatile_reg_Final.c, 1, 0, 5, 5
630, extr_linuxnettipccore.h_tipc_hashfn_Final.c, 1, 0, 4, 4
631, extr_reactoswin32ssprintingbasespoolsvprinters.c__RpcFlushPrinter_Final.c, 1, 0, 2, 2
632, extr_zstdtestsparamgrill.c_nextStrategy_Final.c, 3, 2, 9, 9
633, extr_linuxdriversgpudrmmsmadrenoa4xx.xml.h_A4XX_VPC_PACK_NUMNONPOSVSVAR_Final.c, 1, 0, 5, 5
634, extr_hashcatsrcmodulesmodule_11100.c_module_init_Final.c, 1, 0, 86, 86
635, extr_linuxdriversmediausbgspcagl860gl860-ov9655.c_ov9655_init_settings_Final.c, 1, 0, 24, 24
636, extr_linuxdriverscryptoccreecc_cipher.c_cc_slot_to_hw_key_Final.c, 2, 1, 5, 5
637, extr_reactoswin32ssprintingbasespoolsvmonitors.c__RpcAddMonitor_Final.c, 1, 0, 2, 2
638, extr_darwin-xnuosfmkkernzalloc.c_hash_mix_Final.c, 1, 0, 26, 26
639, extr_radare2librasmarchxtensagnuxtensa-modules.c_Opcode_s32ri_Slot_inst_encode_Final.c, 1, 0, 2, 2
640, extr_darwin-xnuosfmkkernbsd_kern.c_get_task_userstop_Final.c, 1, 0, 2, 2
641, extr_linuxdriversiioadcti-ads1015.c_ads1015_event_channel_disable_Final.c, 1, 0, 3, 3
642, extr_linuxnetsunrpcxprtsock.c_xs_addr_Final.c, 1, 0, 2, 2
643, extr_obs-studiodepsjanssonsrcmemory.c_json_set_alloc_funcs_Final.c, 1, 0, 3, 3
644, extr_linuxfsnfsdnfs4xdr.c_zero_clientid_Final.c, 2, 1, 4, 4
645, extr_linuxdriversnvdimmnd.h_nd_inc_seq_Final.c, 1, 0, 3, 3
646, extr_linuxdriverspcicontroller..pci.h_devm_of_pci_get_host_bridge_resources_Final.c, 1, 0, 3, 3
647, extr_linuxdriversclktegraclk-dfll.c_dfll_is_running_Final.c, 1, 0, 5, 5
648, extr_linuxdriversnetteamteam_mode_roundrobin.c_rr_priv_Final.c, 1, 0, 2, 2
649, extr_linuxfsjffs2fs.c_calculate_inocache_hashsize_Final.c, 1, 0, 13, 13
650, extr_lua-nginx-modulesrcngx_http_lua_log_ringbuf.c_ngx_http_lua_log_ringbuf_free_spaces_Final.c, 4, 1, 10, 10
651, extr_rufussrcbledbled.c_bled_init_Final.c, 2, 1, 9, 9
652, extr_openpilotpandaboardsafetysafety_defaults.h_nooutput_init_Final.c, 0, 0, 0, 0
653, extr_linuxdriversnetwirelessathath9kar9003_eeprom.c_ar9003_hw_get_rx_gain_idx_Final.c, 1, 0, 3, 3
654, extr_linuxdriversgpuhost1xhwhw_host1x06_uclass.h_host1x_uclass_incr_syncpt_base_base_indx_f_Final.c, 1, 0, 3, 3
655, extr_linuxdriversmmccorehost.h_mmc_card_hs400_Final.c, 1, 0, 6, 6
656, extr_linuxdriversnetwirelessrealtekrtlwifirtl8192cutrx.c__OneOutEpMapping_Final.c, 1, 0, 16, 16
657, extr_darwin-xnubsdnetnecp.c_necp_buffer_compare_with_bit_prefix_Final.c, 0, 0, 0, 0
658, extr_linuxdriversgpudrmi915i915_gem_execbuffer.c_unmask_flags_Final.c, 1, 0, 4, 4
659, extr_ccvlib3rdpartysqlite3sqlite3.c_fkChildIsModified_Final.c, 4, 2, 11, 11
660, extr_radare2librasmarchtms320c55x_plushashtable.c_get_hashfunc_67_Final.c, 1, 0, 5, 5
661, extr_linuxdriversgpudrmmsmmsm_gem.h_is_active_Final.c, 1, 0, 4, 4
662, extr_linuxdriversgpudrmmsmdispmdp5mdp5.xml.h_MDP5_PIPE_CSC_1_MATRIX_COEFF_3_COEFF_31_Final.c, 1, 0, 5, 5
663, extr_linuxdriversmddm-raid.c_rs_takeover_requested_Final.c, 1, 0, 5, 5
664, extr_linuxsoundpciice1712aureon.c_wm_mute_info_Final.c, 1, 0, 9, 9
665, extr_mimikatzmodulessqlite3_omit.c_sqlite3_value_nochange_Final.c, 1, 0, 8, 8
666, extr_linuxdriversgpuhost1xhwhw_host1x02_sync.h_host1x_sync_syncpt_int_thresh_r_Final.c, 1, 0, 3, 3
667, extr_linuxkernellockingrtmutex.h_debug_rt_mutex_detect_deadlock_Final.c, 1, 0, 4, 4
668, extr_linuxdriversusbhostwhcipzl.c_qset_get_period_Final.c, 1, 0, 10, 10
669, extr_tenginesrchttpmodulesngx_http_image_filter_module.c_ngx_http_image_filter_init_Final.c, 1, 0, 10, 10
670, extr_linuxdriversspispi-pl022.c_configure_dma_Final.c, 1, 0, 3, 3
671, extr_linuxdriversmddm-table.c_dm_table_get_type_Final.c, 1, 0, 2, 2
672, extr_hashcatsrcconvert.c_is_valid_digit_char_Final.c, 1, 0, 5, 5
673, extr_linuxdriversgpuhost1xhwhw_host1x01_sync.h_host1x_sync_mlock_owner_r_Final.c, 1, 0, 3, 3
674, extr_linuxfsocfs2inode.c_ocfs2_get_inode_flags_Final.c, 6, 5, 20, 20
675, extr_linuxdriversnetphydp83640.c_phy2txts_Final.c, 1, 0, 10, 10
676, extr_memcachedmemcached.c_prot_text_Final.c, 2, 1, 5, 5
677, extr_radare2librasmarchxtensagnuxtensa-modules.c_Opcode_addx4_Slot_xt_flix64_slot0_encode_Final.c, 1, 0, 2, 2
678, extr_kphp-kdbTLtlclient.c_rpcc_ready_Final.c, 1, 0, 4, 4
679, extr_linuxfsxfslibxfsxfs_bmap_btree.c_xfs_bmdr_maxrecs_Final.c, 1, 0, 6, 6
680, extr_linuxdriversspispi-zynqmp-gqspi.c_zynqmp_qspi_setup_Final.c, 1, 0, 7, 7
681, extr_linuxarchs390kerneldebug.c_proceed_active_area_Final.c, 1, 0, 6, 6
682, extr_hashcatsrcmodulesmodule_13100.c_module_init_Final.c, 1, 0, 90, 90
683, extr_linuxdriversgpudrmmsmadrenoa4xx.xml.h_A4XX_TEX_CONST_0_SWIZ_X_Final.c, 1, 0, 5, 5
684, extr_linuxdriversinfinibandhwhfi1common.h_rhf_err_flags_Final.c, 1, 0, 3, 3
685, extr_radare2shlrtcctcc.h_isid_Final.c, 1, 0, 10, 10
686, extr_reactossdklibdriversipnetworkaddress.c_IPv4NToHl_Final.c, 1, 0, 3, 3
687, extr_hashcatsrcmodulesmodule_01710.c_module_init_Final.c, 1, 0, 86, 86
688, extr_linuxdriversvideofbdevmb862xxmb862xxfbdrv.c_vsp_Final.c, 1, 0, 5, 5
689, extr_linuxdriversnetwirelessrealtekrtl8192cucorertw_ioctl_rtl.c_oid_rt_pro_set_fw_ra_state_hdl_Final.c, 1, 0, 2, 2
690, extr_linuxarcharmmach-omap1clock.c_followparent_recalc_Final.c, 1, 0, 3, 3
691, extr_linuxsoundsocstmstm32_spdifrx.c_stm32_spdifrx_ub_info_Final.c, 1, 0, 5, 5
692, extr_linuxdriversusbhostehci-pci.c_is_intel_quark_x1000_Final.c, 2, 1, 5, 5
693, extr_wcdbandroidsqlciphersqlite3.c_countLookasideSlots_Final.c, 4, 0, 9, 9
694, extr_linuxnetdccpccids..dccp.h_dccp_set_seqno_Final.c, 1, 0, 3, 3
695, extr_linuxarchpowerpcplatformspasemipci.c_pa_pxp_offset_valid_Final.c, 1, 0, 9, 9
696, extr_linuxdriversgpudrmmsmadrenoa3xx.xml.h_A3XX_VFD_DECODE_INSTR_SWAP_Final.c, 1, 0, 5, 5
697, extr_linuxdriversgpudrmmsmadrenoa5xx.xml.h_A5XX_VSC_PIPE_CONFIG_REG_Y_Final.c, 1, 0, 5, 5
698, extr_linuxkernelevents....mminternal.h_is_cow_mapping_Final.c, 1, 0, 8, 8
699, extr_reactosdll3rdpartylibpngpngrtran.c_png_init_rgb_transformations_Final.c, 3, 1, 6, 6
700, extr_nodemcu-firmwareappsqlite3sqlite3.c_sqlite3_value_subtype_Final.c, 2, 1, 5, 5
701, extr_linuxdriversspispi-omap2-mcspi.c_omap2_mcspi_calc_divisor_Final.c, 2, 1, 5, 5
702, extr_linuxdriversnetwirelesstiwl1251main.c_wl1251_check_nvs_mac_Final.c, 3, 2, 9, 9
703, extr_linuxdriversmdpersistent-datadm-space-map-metadata.c_in_Final.c, 1, 0, 2, 2
704, extr_linuxarchmipslibdump_tlb.c_msk2str_Final.c, 2, 1, 5, 5
705, extr_linuxdriversmediausbpvrusb2pvrusb2-io.c_pvr2_buffer_state_decode_Final.c, 2, 1, 5, 5
706, extr_darwin-xnubsdvfsvfs_cprotect.c_cp_is_valid_class_Final.c, 0, 0, 0, 0
707, extr_linuxdriversnethamradioyam.c_yam_rx_byte_Final.c, 2, 1, 4, 4
708, extr_linuxdriversstagingrtl8192ur8192U_core.c___subdf3_Final.c, 1, 0, 2, 2
709, extr_linuxdriversfpgadfl.h_dfl_feature_platform_data_size_Final.c, 1, 0, 2, 2
710, extr_linuxdriversnetwirelessathath9kmain.c_ath9k_uses_beacons_Final.c, 1, 0, 5, 5
711, extr_masscansrcproto-memcached.c_memcached_udp_set_cookie_Final.c, 3, 0, 6, 6
712, extr_linuxdriversgpudrmvc4vc4_validate_shaders.c_is_tmu_submit_Final.c, 1, 0, 7, 7
713, extr_linuxdriversvideofbdevtridentfb.c_iscyber_Final.c, 2, 1, 5, 5
714, extr_linuxarcharmmach-omap1clock.c_omap1_clk_deny_idle_Final.c, 2, 1, 4, 4
715, extr_linuxdriversgpudrmmsmdispdpu1dpu_hw_ctl.c_dpu_hw_ctl_update_pending_flush_Final.c, 1, 0, 2, 2
716, extr_linuxdriversstagingcomedidrivers..comedidev.h_comedi_check_trigger_arg_is_Final.c, 3, 0, 7, 7
717, extr_linuxsoundsocimgimg-spdif-in.c_img_spdif_in_iec958_info_Final.c, 1, 0, 5, 5
718, extr_linuxdriversgpudrmmsmadrenoa5xx.xml.h_A5XX_SP_GS_CONFIG_CONSTOBJECTOFFSET_Final.c, 1, 0, 5, 5
719, extr_linuxdriverscryptomarvellcesa.h_mv_cesa_req_get_type_Final.c, 1, 0, 6, 6
720, extr_SoftEtherVPNsrcCedarServer.c_GetGlobalServerFlag_Final.c, 2, 1, 4, 4
721, extr_labenginecodeclientcl_ui.c_LAN_GetServerCount_Final.c, 2, 1, 5, 5
722, extr_Mirai-Source-Codemiraitoolssingle_load.c_handle_failed_connect_Final.c, 1, 0, 2, 2
723, extr_hashcatsrcmodulesmodule_00120.c_module_init_Final.c, 1, 0, 86, 86
724, extr_linuxdriversmiscmeihbm.c_mei_hbm_state_str_Final.c, 2, 1, 5, 5
725, extr_linuxdriversusbhostdwc_otgdwc_otg_pcd.c_get_a_alt_hnp_support_Final.c, 1, 0, 2, 2
726, extr_linuxdriversgpuhost1xhwhw_host1x05_uclass.h_host1x_uclass_wait_syncpt_indx_f_Final.c, 1, 0, 3, 3
727, extr_linuxarchumdrivershostaudio_kern.c_set_mixer_Final.c, 1, 0, 3, 3
728, extr_linuxtoolsperfutilintel-pt-decoder..data.h_perf_data__is_read_Final.c, 1, 0, 5, 5
729, extr_obs-studiolibobs-openglgl-subsystem.h_convert_shader_type_Final.c, 2, 1, 7, 7
730, extr_linuxdriversgpiogpio-max3191x.c_max3191x_wordlen_Final.c, 1, 0, 6, 6
731, extr_reactosdllwin32msitable.c_utf2mime_Final.c, 4, 3, 12, 12
732, extr_linuxdrivershwmonasb100.c_TEMP_FROM_REG_Final.c, 1, 0, 2, 2
733, extr_linuxnetdsadsa2.c_dsa_port_is_cpu_Final.c, 1, 0, 5, 5
734, extr_h2odepslibyrmcdsstrerror.c_yrmcds_strerror_Final.c, 2, 1, 5, 5
735, extr_linuxdriversnetwirelessrealtekrtlwifirtl8723be..pci.h_calc_fifo_space_Final.c, 1, 0, 7, 7
736, extr_darwin-xnuosfmkkernstack.c_processor_set_stack_usage_Final.c, 1, 0, 2, 2
737, extr_linuxdriversgpudrmomapdrmdisplays..dssomapdss.h_omapdss_device_is_connected_Final.c, 1, 0, 2, 2
738, extr_FFmpeglibavformatavienc.c_avi_stream2fourcc_Final.c, 3, 1, 22, 22
739, extr_linuxkernelkexec_core.c_kimage_is_destination_range_Final.c, 6, 1, 15, 15
740, extr_obs-studiodepsmedia-playbackmedia-playbackclosest-format.h_closest_format_Final.c, 2, 1, 5, 5
741, extr_emscriptentestslzmalzmaLzmaEnc.c_LzmaEncProps_Init_Final.c, 1, 0, 9, 9
742, extr_linuxsoundpcioxygenoxygen_mixer.c_ac97_fp_rec_volume_info_Final.c, 1, 0, 7, 7
743, extr_linuxdriversscsihpsa.c_hpsa_set_bus_target_lun_Final.c, 1, 0, 4, 4
744, extr_linuxdriversnetwirelessralinkrt2x00rt2x00.h_rt2x00_intf_Final.c, 1, 0, 4, 4
745, extr_linuxdriversnetethernetqlogicqedqed_hw.c_qed_ptt_get_bar_addr_Final.c, 1, 0, 5, 5
746, extr_darwin-xnubsdnfsnfs4_subs.c_nfs4_ace_nfsflags_to_vfsflags_Final.c, 8, 7, 27, 27
747, extr_micropythonportscc3200modspybsleep.c_pyb_sleep_set_wlan_obj_Final.c, 1, 0, 2, 2
748, extr_linuxdriversusbhostxhci.c_xhci_is_sync_in_ep_Final.c, 1, 0, 7, 7
749, extr_linuxdriversnetethernetstmicrostmmacstmmac_main.c_stmmac_set_bfsize_Final.c, 2, 1, 5, 5
750, extr_linuxdriversnetwirelessintelipw2x00ipw2200.c_wext_cipher2level_Final.c, 2, 1, 5, 5
751, extr_reactossdklib3rdpartylibxml2tree.c_xmlSetDocCompressMode_Final.c, 4, 3, 8, 8
752, extr_linuxdriversscsimegaraidmegaraid_sas_base.c_megasas_set_adapter_type_Final.c, 3, 2, 12, 12
753, extr_nodemcu-firmwareappsqlite3sqlite3.c_btreeHeapPull_Final.c, 7, 2, 35, 43
754, extr_radare2librasmarchxtensagnuxtensa-modules.c_Operand_label12_rtoa_Final.c, 1, 0, 3, 3
755, extr_linuxdriversstagingrtlwifihalmac..wifi.h_get_rf_type_Final.c, 1, 0, 2, 2
756, extr_linuxdriversclknxpclk-lpc18xx-cgu.c_lpc18xx_pll0_msel2mdec_Final.c, 3, 2, 8, 8
757, extr_reactosdll3rdpartylibtifftif_open.c_TIFFGetReadProc_Final.c, 1, 0, 2, 2
758, extr_micropythondriverscc3000srcsecurity.c_galois_mul2_Final.c, 1, 0, 6, 6
759, extr_darwin-xnubsdnetif_bond.c_ifbond_flags_set_change_in_progress_Final.c, 1, 0, 3, 3
760, extr_linuxdriversttyserialsunsu.c_sunsu_verify_port_Final.c, 1, 0, 3, 3
761, extr_linuxdriversisdnhisaxteles_cs.c_teles_resume_Final.c, 1, 0, 4, 4
762, extr_linuxarchx86kernelresource.c_resource_clip_Final.c, 3, 1, 7, 7
763, extr_linuxdriversvfiomdevmdev_core.c_mdev_uuid_Final.c, 1, 0, 2, 2
764, extr_darknetsrcstb_image.h_stbi__pnm_isdigit_Final.c, 1, 0, 5, 5
765, extr_linuxdriversregulatorhelpers.c_regulator_list_voltage_linear_Final.c, 3, 2, 8, 8
766, extr_php-srcextsqlite3sqlite3.c_php_sqlite3_stream_cast_Final.c, 1, 0, 2, 2
767, extr_reactosdllwin32msiaction.c_msi_is_global_assembly_Final.c, 3, 0, 7, 7
768, extr_xhyvesrcpci_e82545.c_e82545_rx_enable_Final.c, 1, 0, 2, 2
769, extr_linuxdriversiioorientationhid-sensor-rotation.c_dev_rot_adjust_channel_bit_mask_Final.c, 1, 0, 6, 6
770, extr_radare2librasmarchxtensagnuxtensa-modules.c_Operand_xt_wbr15_label_rtoa_Final.c, 1, 0, 3, 3
771, extr_linuxdriversgpudrmomapdrmomap_dmm_tiler.h_validfmt_Final.c, 1, 0, 5, 5
772, extr_linuxsoundisawavefrontwavefront_synth.c_munge_buf_Final.c, 7, 1, 36, 1028
773, extr_darwin-xnubsdkernkern_subr.c_uio_setrw_Final.c, 4, 1, 7, 7
774, extr_linuxnetcoreethtool.c___ethtool_get_flags_Final.c, 6, 5, 20, 20
775, extr_linuxdriversisdnhardwareeiconmessage.c_chi_to_channel_Final.c, 12, 4, 38, 38
776, extr_kphp-kdbtexttext-data.c_free_stack_node_Final.c, 1, 0, 4, 4
777, extr_linuxdriversgpudrmmsmdispmdp4mdp4.xml.h_MDP4_DTV_DISPLAY_HCTRL_START_Final.c, 1, 0, 5, 5
778, extr_linuxdriversnetethernetqlogicqlcnicqlcnic_io.c_qlcnic_encap_length_Final.c, 1, 0, 3, 3
779, extr_mpvinputkeycodes.c_mp_normalize_keycode_Final.c, 5, 1, 15, 15
780, extr_linuxdriversgpudrmmsmdispmdp5mdp5_ctl.c_mdp_ctl_flush_mask_pipe_Final.c, 2, 1, 5, 5
781, extr_curlliburl.c_Curl_uc_to_curlcode_Final.c, 2, 1, 6, 6
782, extr_linuxdriversmiscaltera-staplaltera-jtag.c_altera_set_irstop_Final.c, 1, 0, 3, 3
783, extr_linuxdriversstaginggreybuspower_supply.c_get_psp_from_gb_prop_Final.c, 2, 1, 5, 5
784, extr_linuxdriversgpudrmnouveaudispnv50head507d.c_head507d_olut_Final.c, 1, 0, 5, 5
785, extr_linuxnetbridgenetfilter..br_private.h_br_vlan_add_Final.c, 1, 0, 4, 4
786, extr_linuxdriversusbhostdwc_otgdwc_otg_hcd_ddma.c_desclist_idx_dec_Final.c, 1, 0, 9, 9
787, extr_goaccesssrcparser.c_valid_line_Final.c, 3, 2, 8, 8
788, extr_reactosdllopenglmesaquads.c_gl_set_quad_function_Final.c, 2, 1, 6, 6
789, extr_darwin-xnutoolstestsaffinitysets.c_writer_fn_Final.c, 12, 2, 80, 276
790, extr_Craftdepslodepnglodepng.c_checkColorValidity_Final.c, 2, 1, 4, 4
791, extr_linuxarchmipsmath-emuieee754.h_ieee754di_overflow_Final.c, 1, 0, 8, 8
792, extr_php-srcsapilitespeedlsapilib.c_LSAPI_Set_Server_Max_Idle_Secs_Final.c, 2, 1, 4, 4
793, extr_FFmpeglibavcodech264_redundant_pps_bsf.c_h264_redundant_pps_fixup_pps_Final.c, 1, 0, 9, 9
794, extr_linuxdriversnetethernetsfcfalconnet_driver.h_ef4_channel_has_tx_queues_Final.c, 1, 0, 7, 7
795, extr_linuxdriversscsicxgbicxgb3i..libcxgbi.h_cxgbi_sock_compute_wscale_Final.c, 4, 0, 12, 12
796, extr_kphp-kdbbinlogcheck-binlog.c_get_speed_Final.c, 1, 0, 5, 5
797, extr_linuxdriversmediacommontveeprom.c_hasRadioTuner_Final.c, 3, 0, 7, 7
798, extr_linuxlibxzxz_lzma2.h_lzma_state_match_Final.c, 1, 0, 8, 8
799, extr_tenginesrchttpngx_http_script.c_ngx_http_script_mark_args_code_Final.c, 1, 0, 4, 4
800, extr_darwin-xnubsdvfskpi_vfs.c_vnode_issystem_Final.c, 1, 0, 5, 5
801, extr_linuxdriversnetwirelessbroadcombrcm80211brcmsmacphyphy_n.c_wlc_phy_rssi_compute_nphy_Final.c, 4, 3, 33, 33
802, extr_php-srcsapiphpdbgphpdbg_btree.c_phpdbg_btree_find_between_Final.c, 1, 0, 5, 5
803, extr_darwin-xnubsdnetif_bond.c_bondport_flags_clear_selected_changed_Final.c, 1, 0, 4, 4
804, extr_linuxdriversiioadctwl6030-gpadc.c_twl6030_channel_to_reg_Final.c, 1, 0, 4, 4
805, extr_linuxdriversmediarcrc-core-priv.h_eq_margin_Final.c, 1, 0, 10, 10
806, extr_linuxdriversnetethernetatherosatlxatlx.c___atlx_vlan_mode_Final.c, 2, 1, 7, 7
807, extr_obs-studiolibobs-openglgl-subsystem.h_convert_gs_blend_type_Final.c, 2, 1, 6, 6
808, extr_linuxdriversscsiesp_scsi.c_esp_log_fill_regs_Final.c, 1, 0, 7, 7
809, extr_obs-studiopluginswin-capturegame-capture.c_is_16bit_format_Final.c, 1, 0, 7, 7
810, extr_linuxkernelschedcpudeadline.c_cpudl_maximum_Final.c, 1, 0, 3, 3
811, extr_linuxdriversstagingrtl8192ertl819x_HTProc.c_HTIOTActDetermineRaFunc_Final.c, 3, 2, 11, 11
812, extr_linuxdriversmediaplatformvia-camera.c_viacam_vb_buf_setup_Final.c, 3, 0, 10, 10
813, extr_linuxdriversgpudrmmsmdispmdp5mdp5.xml.h_MDP5_WB_DST_PACK_PATTERN_ELEMENT0_Final.c, 1, 0, 5, 5
814, extr_linuxdriversiommuintel-iommu.c_context_set_address_root_Final.c, 1, 0, 8, 8
815, extr_hashcatsrcmodulesmodule_04400.c_module_init_Final.c, 1, 0, 86, 86
816, extr_linuxdriversinfinibandhwnesnes_cm.c_record_ird_ord_Final.c, 1, 0, 9, 9
817, extr_linuxsoundsynthemuxsoundfont.c_calc_gus_envelope_time_Final.c, 1, 0, 19, 19
818, extr_linuxdriversmediai2cov5670.c_ov5670_enum_mbus_code_Final.c, 2, 1, 5, 5
819, extr_redissrcsds.c_hex_digit_to_int_Final.c, 3, 1, 7, 7
820, extr_linuxtoolsperfutilcallchain.h_callchain_cursor_current_Final.c, 2, 1, 5, 5
821, extr_linuxdriversnetwirelessathath9khw.c_ath9k_hw_set_tsfadjust_Final.c, 2, 1, 5, 5
822, extr_wcdbandroidsqlciphersqlite3.c_pragmaVtabEof_Final.c, 1, 0, 4, 4
823, extr_gitsha256blocksha256.c_maj_Final.c, 1, 0, 7, 7
824, extr_linuxdriversacpipmicintel_pmic.c_pmic_thermal_is_temp_Final.c, 2, 1, 4, 4
825, extr_linuxdriversnetwirelessintersilp54p54usb.c_p54_find_type_Final.c, 2, 1, 9, 9
826, extr_SoftEtherVPNsrcCedarServer.c_IncrementServerConfigRevision_Final.c, 3, 0, 4, 4
827, extr_linuxsoundfirewirebebobbebob_maudio.c_special_sync_ctl_info_Final.c, 1, 0, 7, 7
828, extr_php-srcextgdlibgdgd_interpolation.c_gdImageSetInterpolationMethod_Final.c, 4, 1, 8, 8
829, extr_kphp-kdbbayes..commonutf8_utils.h_put_char_utf8_Final.c, 2, 1, 5, 5
830, extr_linuxdriversrtcrtc-ds1343.c_ds1343_ioctl_Final.c, 1, 0, 3, 3
831, extr_linuxdriversttymxser.c_mxser_write_room_Final.c, 1, 0, 7, 7
832, extr_reactosdlldirectxwined3dx9_36preshader.c_pres_add_Final.c, 1, 0, 3, 3
833, extr_linuxarchpowerpckerneloptprobes.c_arch_within_optimized_kprobe_Final.c, 1, 0, 9, 9
834, extr_linuxdriversinputtouchscreensur40.c_sur40_ioctl_parm_Final.c, 2, 1, 6, 6
835, extr_radare2librasmarchxtensagnuxtensa-modules.c_Opcode_bne_w18_Slot_xt_flix64_slot3_encode_Final.c, 1, 0, 3, 3
836, extr_linuxdriversdmaat_hdmac_regs.h_set_desc_eol_Final.c, 1, 0, 8, 8
837, extr_linuxdriversmediapcingenengene-i2c.c_ngene_i2c_functionality_Final.c, 1, 0, 3, 3
838, extr_linuxsoundpcictxfictdaio.c_daio_out_next_conj_Final.c, 1, 0, 4, 4
839, extr_linuxdriversstagingmostdim2hal.c_norm_pc_Final.c, 1, 0, 3, 3
840, extr_php-srcextopcachejitdynasmminilua.c_luaO_log2_Final.c, 2, 1, 7, 7
841, extr_linuxdriversvideofbdevbt431.h_bt431_get_value_Final.c, 1, 0, 2, 2
842, extr_numpynumpycoresrccommonnumpyos.c_NumPyOS_ascii_isalpha_Final.c, 1, 0, 6, 6
843, extr_darwin-xnubsdvfsvfs_bio.c_buf_dataptr_Final.c, 1, 0, 2, 2
844, extr_linuxdriversnetethernetdavicomdm9000.c_dm9000_type_to_char_Final.c, 1, 0, 9, 9
845, extr_FFmpeglibavformatmovenc.c_mov_setup_track_ids_Final.c, 2, 1, 6, 6
846, extr_linuxdriversstagingwilc1000wilc_wlan_cfg.c_wilc_wlan_cfg_get_wid_Final.c, 2, 1, 5, 5
847, extr_linuxnetnetfilteripvsip_vs_core.c_ip_vs_defrag_user_Final.c, 1, 0, 9, 9
848, extr_emscriptentestsopenjpeglibopenjpegt1_generate_luts.c_t1_init_ctxno_zc_Final.c, 4, 3, 37, 37
849, extr_linuxkerneleventscore.c_perf_unregister_guest_info_callbacks_Final.c, 1, 0, 3, 3
850, extr_linuxdriversedaci5100_edac.c_i5100_tolm_tolm_Final.c, 1, 0, 4, 4
851, extr_linuxdriversgpudrmi915i915_vgpu.h_intel_vgpu_has_hwsp_emulation_Final.c, 1, 0, 3, 3
852, extr_linuxdriversnetwirelessbroadcombrcm80211brcmfmaccfg80211.c_brcmf_get_first_free_bsscfgidx_Final.c, 2, 1, 6, 6
853, extr_linuxfsgfs2lops.h_databuf_limit_Final.c, 1, 0, 4, 4
854, extr_linuxdriversmtdnandrawsm_common.c_oob_sm_small_ooblayout_ecc_Final.c, 2, 1, 5, 5
855, extr_linuxdrivershidusbhidhid-pidff.c_pidff_needs_set_effect_Final.c, 2, 1, 5, 5
856, extr_linuxtoolsperfuibrowsersmap.c_symbol__browser_index_Final.c, 1, 0, 2, 2
857, extr_ccvlib3rdpartysqlite3sqlite3.c_pragmaVtabEof_Final.c, 1, 0, 4, 4
858, extr_linuxfsdevptsinode.c_devpts_get_priv_Final.c, 2, 1, 6, 6
859, extr_redissrcobject.c_strEncoding_Final.c, 2, 1, 5, 5
860, extr_linuxdriversnetwirelessintersilorinocoorinoco_usb.c_ezusb_reply_inc_Final.c, 1, 0, 5, 5
861, extr_linuxdriversgpudrmamddisplaydccoredc_link_dp.c_increase_link_rate_Final.c, 4, 3, 8, 8
862, extr_linuxdriversnetipvlanipvlan.h_ipvlan_clear_private_Final.c, 1, 0, 4, 4
863, extr_linuxdriversstagingcomedicomedi_fops.c_comedi_is_runflags_in_error_Final.c, 1, 0, 3, 3
864, extr_linuxdriversgpudrmmsmadrenoa6xx.xml.h_A6XX_SP_CS_CTRL_REG0_THREADSIZE_Final.c, 1, 0, 5, 5
865, extr_obs-studiolibobsmedia-ioframe-rate.h_media_frames_per_second_to_frame_interval_Final.c, 1, 0, 4, 4
866, extr_reactosmodulesrosteststestsglobal_memglobal_mem.c_TEST_CombineStatus_Final.c, 4, 3, 8, 8
867, extr_os-tutorial21-shelllibcmem.c_memory_set_Final.c, 13, 1, 63, 155
868, extr_linuxdriversnetdsamv88e6xxxglobal2.h_mv88e6xxx_g2_set_switch_mac_Final.c, 1, 0, 3, 3
869, extr_linuxtoolsperfuibrowsers....utilevsel.h_perf_evsel__group_idx_Final.c, 1, 0, 4, 4
870, extr_reactosdllwin32hhctrl.ocxcontent.c_insert_item_Final.c, 5, 4, 11, 11
871, extr_linuxdriversmediapcicx88cx88-core.c_norm_vbipack_Final.c, 1, 0, 5, 5
872, extr_darwin-xnuosfmkkernzalloc.c_mach_zone_get_zlog_zones_Final.c, 1, 0, 2, 2
873, extr_darwin-xnubsdnetkpi_interface.c_ifnet_set_mtu_Final.c, 0, 0, 0, 0
874, extr_FFmpeglibswscaleutils.c_handle_0alpha_Final.c, 2, 1, 6, 6
875, extr_linuxdriversinfinibandhwi40iwi40iw_ctrl.c_i40iw_get_fcn_id_Final.c, 2, 1, 7, 7
876, extr_reactoswin32ssprintingbasespoolsvports.c__RpcSetPort_Final.c, 1, 0, 2, 2
877, extr_linuxdriversttyserialefm32-uart.c_efm32_uart_verify_port_Final.c, 1, 0, 9, 9
878, extr_kittyglfwnull_window.c__glfwPlatformGetPhysicalDevicePresentationSupport_Final.c, 1, 0, 2, 2
879, extr_ccvserveparsers.c_blob_parser_init_Final.c, 1, 0, 4, 4
880, extr_hashcatdepsLZMA-SDKCXz.c_Xz_WriteVarInt_Final.c, 3, 0, 17, 17
881, extr_raspberry-pi-osexerciseslesson022bl4ckout31srcprintf.c_ui2a_Final.c, 9, 2, 49, 69
882, extr_linuxsoundpcirme9652rme9652.c_rme9652_spdif_out_Final.c, 1, 0, 5, 5
883, extr_linuxdriversgpudrmmsmadrenoa4xx.xml.h_A4XX_HLSQ_CL_NDRANGE_0_LOCALSIZEX_Final.c, 1, 0, 5, 5
884, extr_linuxdriversgpudrmmsmdispmdp5mdp5.xml.h_MDP5_CTL_LAYER_REG_VIG1_Final.c, 1, 0, 5, 5
885, extr_linuxnetnetlinkaf_netlink.c_netlink_ioctl_Final.c, 1, 0, 3, 3
886, extr_mongooseexamplesapi_serversqlite3.c_memjrnlFileSize_Final.c, 1, 0, 4, 4
887, extr_BGAQRCode-Androidzbarsrcmainjnilibiconv-1.15libjava.h_java_wctomb_Final.c, 2, 1, 5, 5
888, extr_linuxarchpowerpcplatformspowermacpfunc_core.c_pmf_next_blob_Final.c, 2, 1, 8, 8
889, extr_linuxfsbtrfstransaction.c_is_transaction_blocked_Final.c, 3, 1, 7, 7
890, extr_linuxdriverspcipcie..pci.h_devm_of_pci_get_host_bridge_resources_Final.c, 1, 0, 3, 3
891, extr_linuxnetbridgenetfilter..br_private.h___br_vlan_filter_toggle_Final.c, 1, 0, 3, 3
892, extr_linuxdriversdmaipuipu_idmac.c_dma_param_addr_Final.c, 1, 0, 4, 4
893, extr_opensslcryptorandrand_lib.c_rand_pool_entropy_available_Final.c, 2, 1, 8, 8
894, extr_linuxdriversgpudrmvc4vc4_validate_shaders.c_texturing_in_progress_Final.c, 2, 1, 5, 5
895, extr_micropythonportspic16bitpic16bit_mphal.c_mp_hal_set_interrupt_char_Final.c, 1, 0, 2, 2
896, extr_linuxdriversnetethernetchelsiocxgb4cxgb4_dcb.c_cxgb4_setnumtcs_Final.c, 1, 0, 3, 3
897, extr_linuxdriversacpiapeierst.c_erst_errno_Final.c, 2, 1, 6, 6
898, extr_linuxsoundpcicmipci.c_snd_cmipci_spdif_stream_info_Final.c, 1, 0, 5, 5
899, extr_linuxdriversmediatunersfc0012.c_fc0012_get_frequency_Final.c, 1, 0, 5, 5
900, extr_BGAQRCode-Androidzbarsrcmainjnilibiconv-1.15libiso8859_14.h_iso8859_14_wctomb_Final.c, 2, 1, 5, 5
901, extr_linuxarchmipsalchemycommonclock.c_alchemy_calc_div_Final.c, 6, 3, 41, 41
902, extr_Craftdepsglfwtestsglfwinfo.c_get_strategy_name_glfw_Final.c, 3, 2, 6, 6
903, extr_anypixelfirmwarecontrollerThirdPartySPLsrcstm32f4xx_spi.c_I2S_StructInit_Final.c, 1, 0, 13, 13
904, extr_linuxdriversslimbusslimbus.h_slim_ec_txn_Final.c, 2, 1, 4, 4
905, extr_linuxdriversscsidevice_handlerscsi_dh_rdac.c_rdac_prep_fn_Final.c, 2, 1, 8, 8
906, extr_wcdbandroidsqlciphersqlite3.c_sqlite3_db_mutex_Final.c, 1, 0, 2, 2
907, extr_linuxmminterval_tree.c_vma_start_pgoff_Final.c, 1, 0, 2, 2
908, extr_linuxdriversgpudrmmsmadrenoa3xx.xml.h_REG_A3XX_VFD_FETCH_INSTR_0_Final.c, 1, 0, 3, 3
909, extr_linuxdriversgpudrmdrm_edid.c_find_gtf2_Final.c, 2, 1, 4, 4
910, extr_reactosdllwin32comctl32progress.c_PROGRESS_CoercePos_Final.c, 4, 1, 9, 9
911, extr_obs-studiolibobsaudio-monitoringosx....media-iovideo-io.h_get_video_format_name_Final.c, 2, 1, 5, 5
912, extr_kphp-kdbmagusmagus-data.c_init_magus_data_Final.c, 1, 0, 4, 4
913, extr_SoftEtherVPNsrcCedarServer.c_SiDebugProcDump_Final.c, 1, 0, 10, 10
914, extr_linuxdriversnetwirelesstiwl18xxmain.c_wl18xx_set_rx_csum_Final.c, 2, 1, 4, 4
915, extr_linuxtoolsperfutilhist.c_hists__reset_filter_stats_Final.c, 1, 0, 3, 3
916, extr_kphp-kdbstatsxstatsx-data.c_set_incr_version_Final.c, 1, 0, 5, 5
917, extr_linuxdriversmediadvb-frontendsor51132.c_or51132_read_ber_Final.c, 1, 0, 3, 3
918, extr_linuxdriversnetethernetamazonenaena_ethtool.c_ena_get_rxfh_indir_size_Final.c, 1, 0, 2, 2
919, extr_linuxdriversgpudrmmsmadrenoa4xx.xml.h_A4XX_GRAS_SC_WINDOW_SCISSOR_BR_X_Final.c, 1, 0, 5, 5
920, extr_linuxdriverscryptonxnx-842.c_update_param_Final.c, 3, 2, 13, 13
921, extr_linuxsoundcoreseqseq_midi_event.c_one_param_decode_Final.c, 1, 0, 4, 4
922, extr_linuxdriversnetwirelessathath5kphy.c_ath5k_hw_rf5111_chan2athchan_Final.c, 4, 3, 9, 9
923, extr_radare2librasmarchxtensagnuxtensa-modules.c_Opcode_rur_fsr_Slot_inst_encode_Final.c, 1, 0, 2, 2
924, extr_linuxdriversgpiogpio-zynq.c_gpio_data_ro_bug_Final.c, 1, 0, 6, 6
925, extr_linuxdriversgpudrmmsmdsidsi.xml.h_DSI_CLKOUT_TIMING_CTRL_T_CLK_PRE_Final.c, 1, 0, 5, 5
926, extr_linuxdriversscsiaic7xxxaic7xxx_pci.c_ahc_aic7892_setup_Final.c, 1, 0, 12, 12
927, extr_nginx-rtmp-modulengx_rtmp_log_module.c_ngx_rtmp_log_var_time_local_getlen_Final.c, 1, 0, 2, 2
928, extr_FFmpeglibavcodecopus_pvq.c_celt_haar1_Final.c, 8, 0, 34, 391182
929, extr_linuxdriversvideofbdevviaviafbdev.c_viafb_fill_var_color_info_Final.c, 2, 1, 10, 10
930, extr_linuxdriversgpudrmmsmadrenoa5xx.xml.h_A5XX_VPC_SO_PROG_B_OFF_Final.c, 1, 0, 6, 6
931, extr_linuxdriversgpudrmmsmadrenoa4xx.xml.h_A4XX_RB_FS_OUTPUT_SAMPLE_MASK_Final.c, 1, 0, 5, 5
932, extr_reactosmodulesrosappsapplicationssysutilsutilspicemoduleutils.c_PICE_isalpha_Final.c, 1, 0, 6, 6
933, extr_linuxsoundsoccodecspcm3168a.c_pcm3168a_readable_register_Final.c, 1, 0, 4, 4
934, extr_linuxdriversgpudrmradeoncik.c_cik_create_bitmask_Final.c, 8, 2, 25, 29
935, extr_linuxarchpowerpcplatforms85xxt1042rdb_diu.c_t1042rdb_valid_monitor_port_Final.c, 1, 0, 6, 6
936, extr_linuxkerneleventshw_breakpoint.c_hw_breakpoint_start_Final.c, 1, 0, 2, 2
937, extr_linuxsoundsocshmigor.c_siumckb_recalc_Final.c, 1, 0, 2, 2
938, extr_linuxdriversnetteamteam.c_team_mcast_rejoin_interval_set_Final.c, 1, 0, 4, 4
939, extr_linuxsoundpcirme9652hdsp.c_hdsp_rpm_input12_Final.c, 2, 1, 7, 7
940, extr_linuxdriversptpptp_clock.c_scaled_ppm_to_ppb_Final.c, 1, 0, 4, 4
941, extr_linuxdrivershwmonlm75.c_lm75_reg_to_mc_Final.c, 1, 0, 8, 8
942, extr_opensslcryptoevpe_aria.c_ctr64_inc_Final.c, 2, 1, 3, 3
943, extr_opensslcryptox509x509_meth.c_X509_LOOKUP_meth_set_get_by_issuer_serial_Final.c, 1, 0, 3, 3
944, extr_obs-studiodepsw32-pthreadspthread_attr_setscope.c_pthread_attr_setscope_Final.c, 0, 0, 0, 0
945, extr_linuxdriversnetwirelessinteliwlegacy3945.c_il3945_hw_reg_temp_out_of_range_Final.c, 1, 0, 5, 5
946, extr_linuxkerneleventshw_breakpoint.c_find_slot_idx_Final.c, 1, 0, 6, 6
947, extr_linuxdriversinfinibandhwhfi1pcie.c_extract_speed_Final.c, 1, 0, 9, 9
948, extr_linuxnettipclink.c_tipc_link_peer_is_down_Final.c, 1, 0, 5, 5
949, extr_linuxdriversnetethernetfreescalefmanfman_dtsec.c_is_init_done_Final.c, 1, 0, 4, 4
950, extr_linuxdrivershwmonf71805f.c_in_to_reg_Final.c, 4, 1, 10, 10
951, extr_emscriptentestsluasrclstate.c_luaE_setdebt_Final.c, 1, 0, 5, 5
952, extr_linuxdriversnetwirelessmarvelllibertasethtool.c_lbs_ethtool_get_wol_Final.c, 6, 4, 18, 18
953, extr_linuxtoolstestingselftestsbpftest_l4lb_noinline.c_rol32_Final.c, 1, 0, 4, 4
954, extr_reactossdklibppcmmummuobject.c_freepage_Final.c, 1, 0, 5, 5
955, extr_radare2libriopio_bfdbg.c_is_in_input_Final.c, 2, 1, 5, 5
956, extr_linuxfsisofsisofs.h_isofs_get_ino_Final.c, 1, 0, 6, 6
957, extr_php-srcextgdlibgdgd_interpolation.c_KernelBessel_P1_Final.c, 1, 0, 24, 24
958, extr_linuxdriversttyseriallpc32xx_hs.c_serial_lpc32xx_type_Final.c, 1, 0, 2, 2
959, extr_linuxdriversnetethernetcaviumliquidiolio_core.c_octeon_update_tx_completion_counters_Final.c, 2, 1, 4, 4
960, extr_linuxdriversinfinibandulpipoibipoib_ethtool.c_ib_speed_enum_to_int_Final.c, 2, 1, 6, 6
961, extr_stbtests..stb_c_lexer.h_stb__clex_eof_Final.c, 1, 0, 4, 4
962, extr_linuxdriversgpudrmmsmadrenoa6xx.xml.h_REG_A6XX_RB_MRT_FLAG_BUFFER_ADDR_HI_Final.c, 1, 0, 3, 3
963, extr_linuxdriversnetethernetqlogicqlcnicqlcnic.h_qlcnic_83xx_pf_check_Final.c, 1, 0, 6, 6
964, extr_linuxdriversedace7xxx_edac.c_drb_granularity_Final.c, 1, 0, 6, 6
965, extr_tenginesrceventngx_event_connect.c_ngx_event_get_peer_Final.c, 1, 0, 2, 2
966, extr_radare2librasmarchxtensagnuxtensa-modules.c_Opcode_rsr_ccompare2_Slot_inst_encode_Final.c, 1, 0, 2, 2
967, extr_radare2librasmarchxtensagnuxtensa-modules.c_Field_imm8_Slot_xt_flix64_slot0_set_Final.c, 1, 0, 7, 7
968, extr_zstdlibcompresszstd_compress_internal.h_ZSTD_hash3_Final.c, 1, 0, 7, 7
969, extr_mongoosemongoose.c_mg_is_ws_first_fragment_Final.c, 2, 1, 8, 8
970, extr_linuxdriversacpipci_irq.c_acpi_isa_register_gsi_Final.c, 1, 0, 3, 3
971, extr_micropythonpybinary.c_mp_binary_set_val_array_from_int_Final.c, 3, 0, 5, 5
972, extr_linuxdriversnvdimmregion_devs.c_is_nd_blk_Final.c, 3, 0, 6, 6
973, extr_linuxdriversnetethernetamdxgbexgbe-phy-v2.c_xgbe_phy_valid_speed_sfp_mode_Final.c, 4, 3, 9, 9
974, extr_linuxdriversnetwirelessrealtekrtlwifirtl8192se..wifi.h_is_hal_stop_Final.c, 1, 0, 5, 5
975, extr_gitcompatwin32....trace.h_trace_pass_fl_Final.c, 2, 1, 4, 4
976, extr_linuxsoundsoccodecsrt5665.c_rt5665_readable_register_Final.c, 1, 0, 5, 5
977, extr_linuxnetmac80211wpa.c_ccmp_pn2hdr_Final.c, 1, 0, 17, 17
978, extr_emscriptentestsluasrclstrlib.c_posrelat_Final.c, 2, 1, 4, 4
979, extr_emscriptentestsenethost.c_enet_host_channel_limit_Final.c, 1, 0, 10, 10
980, extr_linuxdriversusbhostdwc_otgdwc_otg_cil.c_set_pid_isoc_Final.c, 2, 1, 7, 7
981, extr_darwin-xnubsdnetinetin_pcb.c_inp_get_intcoproc_allowed_Final.c, 1, 0, 7, 7
982, extr_kphp-kdbnetnet-udp.c_check_udp_functions_Final.c, 2, 1, 5, 5
983, extr_nodemcu-firmwareappsjsonjsonsl.c_extract_special_Final.c, 2, 1, 4, 4
984, extr_nodemcu-firmwareapplualparser.c_getunopr_Final.c, 4, 3, 9, 9
985, extr_linuxdriversusbphyphy-mxs-usb.c_is_imx6q_phy_Final.c, 1, 0, 4, 4
986, extr_ijkplayerijkmediaijkplayerijkavformatijkasync.c_ring_size_of_read_back_Final.c, 1, 0, 2, 2
987, extr_rufussrcformat.c_GetFATSizeSectors_Final.c, 1, 0, 12, 12
988, extr_linuxdriverscryptoatmel-aes.c_atmel_aes_gcm_setauthsize_Final.c, 2, 1, 6, 6
989, extr_radare2librasmarchxtensagnuxtensa-modules.c_Opcode_wsr_depc_Slot_inst_encode_Final.c, 1, 0, 2, 2
990, extr_linuxdriversgpudrmmsmadrenoa6xx.xml.h_A6XX_SP_VS_CTRL_REG0_BRANCHSTACK_Final.c, 1, 0, 5, 5
991, extr_h2odepspicotlsdepscifrasrccurve25519.naclref.c_squeeze_Final.c, 7, 0, 38, 386
992, extr_linuxdriversatalibata-sff.c_ata_sff_idle_irq_Final.c, 1, 0, 3, 3
993, extr_radare2librasmarchxtensagnuxtensa-modules.c_Opcode_wsr_excsave6_Slot_inst_encode_Final.c, 1, 0, 2, 2
994, extr_linuxdriversgpudrmmsmdispmdp4mdp4.xml.h_REG_MDP4_PIPE_CSC_POST_LV_VAL_Final.c, 1, 0, 4, 4
995, extr_linuxdriversnetwirelessinteliwlwifimvmscan.c_iwl_mvm_ebs_status_str_Final.c, 1, 0, 8, 8
996, extr_linuxnettipcmonitor.c_map_set_Final.c, 1, 0, 8, 8
997, extr_reactosdriversbusisapnphardware.c_NextLFSR_Final.c, 1, 0, 7, 7
998, extr_linuxdriversgpudrmvmwgfxvmwgfx_so.h_vmw_so_cmd_to_type_Final.c, 2, 1, 6, 6
999, extr_linuxdriversstagingrtlwifiphydm..wifi.h_set_hal_stop_Final.c, 1, 0, 3, 3
