name, blocks, phantoms
extr_linuxdrivershwmonit87.c_DIV_TO_REG_Final.c, 4, 0
extr_labthird_partymdmd4c.c_Encode_Final.c, 4, 1
extr_radare2librutilidpool.c_get_msb_Final.c, 4, 1
extr_mpvsubsd_lavc.c_convert_pal_Final.c, 6, 1
extr_tenginesrccorengx_string.c_ngx_filename_cmp_Final.c, 0, 0
extr_raspberry-pi-osexerciseslesson053bl4ckout31srcprintf.c_ui2a_Final.c, 10, 2
extr_linuxdriversmediaceccec-edid.c_cec_phys_addr_validate_Final.c, 16, 2
extr_reactossdklibcrtstdlibswab.c__swab_Final.c, 4, 0
extr_linuxdriverss390netqeth_l3_main.c_qeth_l3_convert_addr_to_bits_Final.c, 6, 0
extr_raspberry-pi-osexerciseslesson061xdfm1srcprintf.c_ui2a_Final.c, 0, 0
extr_darwin-xnubsdnetnecp.c_necp_buffer_compare_with_bit_prefix_Final.c, 8, 2
extr_nodemcu-firmwareappsqlite3sqlite3.c_btreeHeapPull_Final.c, 7, 0
extr_linuxsoundisawavefrontwavefront_synth.c_munge_buf_Final.c, 4, 0
extr_darwin-xnutoolstestsaffinitysets.c_writer_fn_Final.c, 4, 0
extr_os-tutorial21-shelllibcmem.c_memory_set_Final.c, 4, 0
extr_hashcatdepsLZMA-SDKCXz.c_Xz_WriteVarInt_Final.c, 3, 0
extr_raspberry-pi-osexerciseslesson022bl4ckout31srcprintf.c_ui2a_Final.c, 10, 2
extr_FFmpeglibavcodecopus_pvq.c_celt_haar1_Final.c, 7, 0
extr_php-srcextgdlibgdgd_interpolation.c_KernelBessel_P1_Final.c, 3, 0
extr_h2odepspicotlsdepscifrasrccurve25519.naclref.c_squeeze_Final.c, 5, 0
extr_labq3map2libsmathlibm4x4.c_m4x4_transpose_Final.c, 5, 0
extr_opensslcryptomodesctr128.c_ctr96_inc_Final.c, 3, 0
extr_Arduinotestshostcommonmd5.c_Encode_Final.c, 4, 1
extr_linuxdriversstagingxgifbvb_setmode.c_XG21GPIODataTransfer_Final.c, 3, 0
extr_reactossdktoolshhpcompchmcencint.h_chmc_encint_Final.c, 0, 0
extr_reactossdklibrtlres.c_push_language_Final.c, 6, 0
extr_emscriptensystemliblibcmuslsrcregexregexec.c_tre_tag_order_Final.c, 7, 2
extr_linuxdriversstagingrtl8712ieee80211.c_r8712_get_rateset_len_Final.c, 5, 0
extr_lua-nginx-modulesrcngx_http_lua_string.c_ngx_http_lua_ngx_escape_sql_str_Final.c, 16, 5
extr_kphp-kdbcommoncrc32c.c_gf32_matrix_times_Final.c, 6, 0
extr_mongooseexamplesapi_serversqlite3.c_estLog_Final.c, 4, 0
extr_linuxtoolsperfpmu-eventsjson.c_countchar_Final.c, 5, 1
extr_linuxdriversgpudrmsun4isun4i_hdmi_tmds_clk.c_sun4i_tmds_calc_divider_Final.c, 14, 2
extr_linuxdriversi2ci2c-core-smbus.c_crc8_Final.c, 4, 1
extr_kphp-kdbmc-proxymc-proxy-statsx-extension.c_not_null_Final.c, 6, 0
extr_linuxdriverscharipmiipmi_msghandler.c_ipmb_checksum_Final.c, 4, 0
extr_linuxdriversstagingrtl8188eucorertw_security.c_bitwise_xor_Final.c, 3, 0
extr_nginxsrccorengx_string.c_ngx_escape_json_Final.c, 13, 3
extr_kphp-kdbstatsxstatsx-data.c_serialize_list_raw_Final.c, 5, 1
extr_masscansrcmain-readrange.c_count_cidr_bits_Final.c, 4, 1
extr_linuxsoundcoreseqseq_midi_event.c_extra_decode_xrpn_Final.c, 10, 2
extr_php-srcZendzend_bitset.h_zend_bitset_subset_Final.c, 0, 0
extr_kphp-kdbtexttext-data.c_reverse_list_Final.c, 4, 0
extr_obs-studiolibobsaudio-monitoringwin32....graphicsgraphics.h_gs_get_total_levels_Final.c, 0, 0
extr_linuxdriversmediaplatformvividvivid-vbi-gen.c_calc_parity_Final.c, 3, 0
extr_linuxsoundisawavefrontwavefront_synth.c_munge_int32_Final.c, 4, 0
extr_linuxdriversmediaplatformexynos4-isfimc-core.c_fimc_get_scaler_factor_Final.c, 5, 2
extr_stbstb_vorbis.c_neighbors_Final.c, 10, 0
extr_FFmpeglibavfilteraf_adeclick.c_factorization_Final.c, 16, 1
extr_linuxdriversinfinibandhwbnxt_remain.c_bnxt_re_parse_cid_map_Final.c, 6, 0
extr_stbtestsprereleasestb_lib.h_stb_hashlen_Final.c, 0, 0
extr_linuxnettipcmonitor.c_dom_size_Final.c, 4, 0
extr_emscriptentestsfreetypesrcsfntsfobjs.c_sfnt_find_encoding_Final.c, 4, 1
extr_FFmpeglibavcodecopus_pvq.c_celt_stereo_ms_decouple_Final.c, 4, 0
extr_The-Art-Of-Programming-By-Julyebookcodec7.1：搜索引擎热门查询统计.c_handle_symbol_Final.c, 14, 0
extr_raspberry-pi-osexerciseslesson052xdfm1srcprintf.c_ui2a_Final.c, 10, 2
extr_ccvlib3rdpartysqlite3sqlite3.c_btreeHeapPull_Final.c, 7, 0
extr_FFmpeglibavcodecjpeg2000dwt.c_extend97_int_Final.c, 3, 0
extr_raspberry-pi-osexerciseslesson044avenitosrcprintf.c_ui2a_Final.c, 10, 2
extr_FFmpeglibavcodecpafvideo.c_copy_color_mask_Final.c, 7, 0
extr_Craftsrccube.c_make_cube_wireframe_Final.c, 3, 0
extr_Mirai-Source-Codemiraibotutil.c_util_memsearch_Final.c, 7, 3
extr_disquedepshiredishiredis.c_seekNewline_Final.c, 6, 1
extr_raspberry-pi-osexerciseslesson021bl4ckout31srcprintf.c_ui2a_Final.c, 10, 2
extr_kphp-kdbtexttext-data.c_list_contained_Final.c, 7, 3
extr_mimikatzmodulessqlite3_omit.c_btreeHeapInsert_Final.c, 5, 0
extr_nginxsrccorengx_string.c_ngx_rstrncmp_Final.c, 0, 0
extr_raspberry-pi-osexerciseslesson022zjd0112srcprintf.c_ui2a_Final.c, 10, 2
extr_linuxdriversnetwirelessbroadcombrcm80211brcmsmacphyphy_qmath.c_qm_norm32_Final.c, 5, 0
extr_FFmpeglibavresampledither.c_dither_int_to_float_triangular_c_Final.c, 4, 0
extr_darwin-xnuosfmki386i386_init.c_fillkpt_Final.c, 4, 0
extr_raspberry-pi-osexerciseslesson044rssrcprintf.c_ui2a_Final.c, 10, 2
extr_linuxdriversvideofbdevimsttfb.c_setclkMHz_Final.c, 10, 0
extr_emscriptensystemliblibcmuslsrcpasswdgetpw_a.c_itoa_Final.c, 3, 0
extr_tenginesrccorengx_string.c_ngx_rstrncmp_Final.c, 0, 0
extr_linuxdriverscryptoqatqat_commonqat_uclo.c_qat_uclo_calc_checksum_Final.c, 5, 0
extr_raspberry-pi-osexerciseslesson032bl4ckout31srcprintf.c_ui2a_Final.c, 10, 2
extr_reactossdklib3rdpartystlportsrcc_locale_win32c_locale_win32.c_my_ltoa_Final.c, 8, 1
extr_darknetsrcconvolutional_layer.c_binarize_cpu_Final.c, 4, 0
extr_linuxdriversmediaceccec-api.c_cec_validate_phys_addr_Final.c, 7, 3
extr_FFmpeglibavfiltervsrc_mptestsrc.c_draw_dc_Final.c, 7, 0
extr_radare2librasmarchavravr_disasm.c_extractDataFromMask_Final.c, 7, 0
extr_nginxsrcstreamngx_stream_log_module.c_ngx_stream_log_copy_short_Final.c, 0, 0
extr_linuxdriversnetethernetfreescalefmanfman_memac.c_get_mac_addr_hash_code_Final.c, 5, 0
extr_numpynumpycoresrcmultiarraydatetime_busday.c_is_holiday_Final.c, 7, 1
extr_nginxsrccorengx_string.c_ngx_strnlen_Final.c, 0, 0
extr_raspberry-pi-osexerciseslesson033H-4ND-Hsrcprintf.c_ui2a_Final.c, 10, 2
extr_FFmpeglibavcodecinterplayacm.c_juggle_Final.c, 7, 0
extr_os-tutorial18-interruptskernelutil.c_memory_copy_Final.c, 4, 0
extr_FFmpeglibavcodectwinvq.h_twinvq_memset_float_Final.c, 0, 0
extr_linuxdriversipackipack.c_ipack_crc_byte_Final.c, 5, 0
extr_linuxdriversstagingrtl8723bscorertw_security.c_bitwise_xor_Final.c, 3, 0
extr_FFmpeglibavcodecdcadec.c_ff_dca_set_channel_layout_Final.c, 13, 1
extr_linuxdriversstagingrtl8712ieee80211.c_r8712_get_ie_Final.c, 6, 1
extr_Arduinotestsdevicetest_libctstring.c_mycopy_Final.c, 4, 0
extr_FFmpeglibavresampledither.c_dither_int_to_float_rectangular_c_Final.c, 4, 0
extr_reactosdllopenglmesateximage.c_logbase2_Final.c, 6, 0
extr_reactosdlldirectxwined3dx9_36texture.c_make_pow2_Final.c, 5, 0
extr_Arduinotestsdevicetest_libcmemmove1.c_mymemmove_Final.c, 5, 1
extr_linuxdriversvideofbdevkyroSTG4000OverlayDevice.c_Overlap_Final.c, 4, 0
extr_numpynumpycoresrcmultiarraydatetime_busday.c_find_earliest_holiday_on_or_after_Final.c, 8, 0
extr_linuxdriversmediadvb-frontendsmxl5xx.c_gold2root_Final.c, 4, 0
extr_raspberry-pi-osexerciseslesson041bl4ckout31srcprintf.c_ui2a_Final.c, 10, 2
extr_FFmpeglibavcodecintrax8dsp.c_spatial_compensation_2_Final.c, 5, 0
extr_linuxdriversisdnhardwareeiconmessage.c_ie_compare_Final.c, 8, 2
extr_reactosmodulesrostestswinetestsdplayxdplayx.c_dpid2char_Final.c, 7, 1
extr_raspberry-pi-osexerciseslesson051xdfm1srcprintf.c_ui2a_Final.c, 10, 2
extr_macvimsrcgui_xmdlg.c_get_part_Final.c, 13, 1
extr_darwin-xnutoolstestsaffinitypool.c_writer_fn_Final.c, 4, 0
extr_reactossdklibcrtstringstrset.c__strnset_Final.c, 5, 0
extr_zstdtestsfuzzer.c_FUZ_highbit32_Final.c, 5, 0
extr_darknetsrcutils.c_int_index_Final.c, 4, 1
extr_linuxdriversatmiphase.c_cellrate_to_float_Final.c, 9, 2
extr_raspberry-pi-osexerciseslesson023H-4ND-Hsrcprintf.c_ui2a_Final.c, 10, 2
extr_raspberry-pi-osexerciseslesson032H-4ND-Hsrcprintf.c_ui2a_Final.c, 10, 2
extr_linuxdriversstagingrtl8192ertllib_crypt_ccmp.c_xor_block_Final.c, 4, 0
extr_linuxdriversusbhostdwc_otgdwc_otg_pcd.c_assign_perio_tx_fifo_Final.c, 5, 1
extr_linuxdriversnetethernetibmeheaehea_phyp.c_get_order_of_qentries_Final.c, 4, 0
extr_opensslcryptomodesccm128.c_ctr64_add_Final.c, 4, 0
extr_stbtestsprereleasestb_lib.h_stb_adler32_Final.c, 0, 0
extr_linuxarchx86libmisc.c_num_digits_Final.c, 5, 1
extr_masscansrcrand-primegen.c_doit4_Final.c, 9, 3
extr_emscriptentestssqlitespeedtest1.c_swizzle_Final.c, 4, 0
extr_tenginesrccorengx_string.c_ngx_escape_html_Final.c, 0, 0
extr_FFmpeglibavcodecsnow_dwt.c_vertical_decompose97iH0_Final.c, 4, 0
extr_kphp-kdbdhcpdhcp-data.c_dhcp_macaddr_load_Final.c, 3, 0
extr_reactossdktoolsfattenfatfsoptionccsbcs.c_ff_wtoupper_Final.c, 5, 2
extr_linuxdriversisdnhisaxisar.c_dle_count_Final.c, 5, 1
extr_linuxdriversgpudrmi915intel_dp.c_intel_dp_unpack_aux_Final.c, 4, 0
extr_gitxdiffxutils.c_xdl_bogosqrt_Final.c, 4, 0
extr_linuxsecurityselinuxssservices.c_match_ipv6_addrmask_Final.c, 5, 1
extr_FFmpeglibavfiltervf_midequalizer.c_compute_contrast_change_Final.c, 7, 0
extr_tenginesrccorengx_string.c_ngx_strnlen_Final.c, 0, 0
extr_linuxdriversnetwirelessrealtekrtl8192cucorertw_ieee80211.c_rtw_get_ie_Final.c, 6, 1
extr_linuxdriversvideofbdevcorefbcon_cw.c_cw_update_attr_Final.c, 10, 3
extr_h2odepsklibtestkstring_bench2.c_BoyerMoore_Final.c, 8, 2
extr_mimikatzmodulessqlite3_omit.c_btreeHeapPull_Final.c, 7, 0
extr_reactosdllopenglmesaimage.c_gl_flip_bytes_Final.c, 4, 0
extr_kphp-kdbmc-proxymc-proxy-statsx-extension.c_unserialize_list2_raw_new_Final.c, 6, 0
extr_gitlog-tree.c_digits_in_number_Final.c, 4, 0
extr_mimikatzmodulessqlite3_omit.c_sqlite3Pow10_Final.c, 6, 0
extr_openpilotphonelibsnanovgstb_image.h_stbi__jpeg_dequantize_Final.c, 0, 0
extr_linuxdriversstagingrtl8188eucorertw_security.c_xor_32_Final.c, 3, 0
extr_raspberry-pi-osexerciseslesson021evopensrcprintf.c_ui2a_Final.c, 10, 2
extr_linuxarchsparckernelpci.c_apb_calc_first_last_Final.c, 5, 0
extr_FFmpeglibavcodecpngdsp.c_add_bytes_l2_c_Final.c, 7, 0
extr_reactosdllwin32lpklpk.c_PSM_FindLastPrefix_Final.c, 5, 1
extr_php-srcZendzend_bitset.h_zend_bitset_intersection_Final.c, 0, 0
extr_gitshallow.c_update_refstatus_Final.c, 6, 1
extr_kphp-kdbtargtarg-data.c_do_llswap_Final.c, 6, 2
extr_reactosbootfreeldrfreeldrlibinifileparse.c_IniGetSettingNameSize_Final.c, 9, 2
extr_hashcatsrcwordlist.c_get_next_word_lm_Final.c, 7, 3
extr_linuxdriversinfinibandhwocrdmaocrdma_verbs.c_get_encoded_page_size_Final.c, 4, 0
extr_anypixelfirmwarecontrollersrctextfuncs.c_TEXT_deleteWhiteSpace_Final.c, 6, 1
extr_linuxdriversstagingrtl8723bscorertw_ieee80211.c_rtw_get_ie_Final.c, 6, 1
extr_stbtests..stb_c_lexer.h_stb__clex_pow_Final.c, 0, 0
extr_h2odepspicotlsdepscifrasrccurve25519.tweetnacl.c_car25519_Final.c, 3, 0
extr_FFmpeglibavcodeccavs.c_intra_pred_horiz_Final.c, 3, 0
extr_os-tutorial23-fixeslibcmem.c_memory_set_Final.c, 4, 0
extr_reactosbaseapplicationsmstscssl_calls.c_mpAdd_Final.c, 5, 1
extr_linuxdriversnetslipslip.c_slip_esc_Final.c, 6, 2
extr_php-srcextgdlibgdgd_interpolation.c_KernelBessel_Q1_Final.c, 3, 0
extr_darknetexamplesgo.c_flip_board_Final.c, 3, 0
extr_reactosdllwin32lpkbidi.c_resolveParagraphs_Final.c, 4, 1
extr_darknetsrcgemm.c_gemm_bin_Final.c, 10, 1
extr_php-srcsapifpmfpmfpm_str.h_str_purify_filename_Final.c, 0, 0
extr_stbtestscaveviewcave_parse.c_nbt_get_string_data_Final.c, 5, 0
extr_linuxfsadfsdir_f.c_adfs_readname_Final.c, 6, 1
extr_linuxsamplesbpftracex2_user.c_stars_Final.c, 6, 1
extr_darknetsrcblas.c_copy_cpu_Final.c, 4, 0
extr_FFmpeglibavfilteraf_aiir.c_multiply_Final.c, 4, 0
extr_libgit2srctsort.c_compute_minrun_Final.c, 4, 0
extr_darwin-xnubsdnfsnfs_node.c_nfs_hash_Final.c, 4, 0
extr_BGAQRCode-Androidzbarsrcmainjnizbarqrcodeutil.c_qr_isqrt_Final.c, 6, 0
extr_os-tutorial20-interrupts-timerkernelutil.c_memory_set_Final.c, 4, 0
extr_os-tutorial22-malloclibcmem.c_memory_set_Final.c, 4, 0
extr_FFmpeglibavcodectakdsp.c_decorrelate_sr_Final.c, 4, 0
extr_FFmpeglibavcodecvc1dsp.c_vc1_inv_trans_8x8_c_Final.c, 5, 0
extr_kittykittenschoosescore.c_has_char_Final.c, 5, 1
extr_linuxdriversstagingrtl8712rtl871x_mlme.c_r8712_restruct_wmm_ie_Final.c, 5, 1
extr_linuxdriversstagingrtl8188eucorertw_security.c_secmicputuint32_Final.c, 3, 0
extr_labq3map2libsmathlibmathlib.c_VectorIsOnAxis_Final.c, 6, 3
extr_FFmpeglibavcodeccavs.c_intra_pred_dc_128_Final.c, 3, 0
extr_darknetsrcutils.c_max_int_index_Final.c, 7, 0
extr_linuxdriversgpudrmamdamdgpuamdgpu_ring.c_amdgpu_ring_is_blacklisted_Final.c, 4, 1
extr_numpynumpycoresrcmultiarraydatetime_busday.c_find_earliest_holiday_after_Final.c, 6, 1
extr_linuxdriversgpudrmbridgesil-sii8620.c_sii8620_update_array_Final.c, 4, 0
extr_FFmpeglibavcodecutvideodsp.c_restore_rgb_planes10_c_Final.c, 7, 0
extr_linuxdriversmediadvb-frontendsdrx39xyjdrxj.c_frac28_Final.c, 4, 1
extr_linuxdriversgpudrmi915intel_overlay.c_check_gamma5_errata_Final.c, 4, 0
extr_reactosbootfreeldrfreeldrlibinifileparse.c_IniIsSetting_Final.c, 5, 1
extr_Craftdepslodepnglodepng.c_flog2_Final.c, 7, 0
extr_numpynumpycoresrcumathreduction.c_count_axes_Final.c, 6, 0
extr_linuxdriversmediausbgspcanw80x.c_swap_bits_Final.c, 3, 0
extr_masscansrccrypto-blackrock2.c_bit_count_Final.c, 4, 0
extr_FFmpeglibavcodecdvdsubenc.c_color_distance_Final.c, 4, 0
extr_linuxsoundpcictxfictatc.c_atc_get_pitch_Final.c, 4, 1
extr_FFmpeglibavcodecintrax8dsp.c_spatial_compensation_5_Final.c, 8, 0
extr_reactossdklib3rdpartyadnsclientadh-query.c_check_status_Final.c, 7, 0
extr_reactosdllwin32insengicif.c_copy_substring_null_Final.c, 8, 1
extr_nginxsrccorengx_string.c_ngx_cpystrn_Final.c, 6, 1
extr_obs-studiotesttest-inputsync-audio-buffering.c_fill_texture_Final.c, 5, 0
extr_linuxdriversmtdnandrawcafe_nand.c_gf64_mul_Final.c, 7, 0
extr_radare2shlrgrubfsjfs.c_addstr_Final.c, 4, 0
extr_darknetsrcstb_image_write.h_stbiw__jpg_calcBits_Final.c, 0, 0
extr_BGAQRCode-Androidzbarsrcmainjnizbardecoderdatabar.c_append_check14_Final.c, 8, 0
extr_raspberry-pi-osexerciseslesson023evopensrcprintf.c_ui2a_Final.c, 10, 2
extr_darknetsrcblas.c_mult_add_into_cpu_Final.c, 4, 0
extr_reactosdllwin32rsaenhimplglue.c_reverse_bytes_Final.c, 4, 0
extr_linuxdriversstagingrtl8712rtl871x_security.c_secmicputuint32_Final.c, 3, 0
extr_reactosdllwin32jscriptregexp.c_ReadCompactIndex_Final.c, 4, 0
extr_reactosdriversbusacpiacpicatablestbprint.c_AcpiTbChecksum_Final.c, 4, 0
extr_linuxnetsctpauth.c___sctp_auth_find_hmacid_Final.c, 4, 1
extr_nginxsrccorengx_string.c_ngx_rstrncasecmp_Final.c, 0, 0
extr_micropythonportsteensycorepins_teensy.c_rtc_compensate_Final.c, 6, 2
extr_raspberry-pi-osexerciseslesson031rssrcprintf.c_ui2a_Final.c, 10, 2
extr_linuxsoundpcictxfictresource.c_put_resource_Final.c, 4, 0
extr_kphp-kdbstatsxstatsx-data.c_serialize_list2_raw_Final.c, 5, 1
extr_linuxdriversgpudrmradeonr200.c_r200_get_vtx_size_1_Final.c, 5, 0
extr_Mirai-Source-Codemiraibotchecksum.c_checksum_generic_Final.c, 6, 0
extr_nodemcu-firmwareappmodulesstruct.c_correctbytes_Final.c, 5, 0
extr_SoftEtherVPNsrcSeeOpenclos.c_PacketItoa_Final.c, 3, 0
extr_os-tutorial21-shelllibcmem.c_memory_copy_Final.c, 4, 0
extr_raspberry-pi-osexerciseslesson052avenitosrcprintf.c_ui2a_Final.c, 10, 2
extr_linuxdriversiiohumidityam2315.c_am2315_crc_Final.c, 8, 0
extr_FFmpeglibavcodecdss_sp.c_dss_sp_update_buf_Final.c, 5, 0
extr_FFmpeglibavcodecsnow_dwt.c_ff_snow_horizontal_compose97i_Final.c, 11, 2
extr_radare2shlrgrubfsntfs.c_read_run_data_Final.c, 4, 0
extr_reactosdllwin32usp10shape.c_ContextualShape_Control_Final.c, 7, 1
extr_FFmpeglibavcodecxfaceenc.c_all_same_Final.c, 5, 2
extr_darwin-xnubsdnetinetip_icmp.c_ip_next_mtu_Final.c, 7, 3
extr_php-srcZendzend_bitset.h_zend_bitset_union_Final.c, 0, 0
extr_swayswaydesktoplayer_shell.c_apply_exclusive_Final.c, 0, 0
extr_FFmpeglibavcodecintrax8dsp.c_spatial_compensation_11_Final.c, 5, 0
extr_linuxfscifsconnect.c_rfc1002mangle_Final.c, 4, 0
extr_darknetsrcutils.c_max_index_Final.c, 6, 1
extr_linuxfscifssmbencrypt.c_str_to_key_Final.c, 3, 0
extr_linuxdriversstagingwilc1000coreconfigurator.c_get_current_channel_802_11n_Final.c, 5, 1
extr_reactosbootfreeldrfreeldrlibinifileparse.c_IniGetSectionNameSize_Final.c, 9, 1
extr_BGAQRCode-Androidzbarsrcmainjnizbarqrcodeqrdectxt.c_enc_list_mtf_Final.c, 4, 3
extr_h2ot00unitlibcommon........libcommontime.c_emit_digits_Final.c, 3, 0
extr_micropythonportspic16bitpic16bit_mphal.c_mp_hal_delay_ms_Final.c, 7, 0
extr_FFmpeglibavcodecsnow_dwt.c_vertical_decompose53iL0_Final.c, 4, 0
extr_linuxnetcephosdmap.c_calc_bits_of_Final.c, 4, 0
extr_labenginecoderenderergl1tr_image.c_R_BlendOverTexture_Final.c, 4, 0
extr_linuxdriversnetwirelessrealtekrtl8192cucorertw_security.c_construct_mic_header2_Final.c, 10, 2
extr_linuxdriversmiscaltera-staplaltera-jtag.c_altera_concatenate_data_Final.c, 10, 0
extr_linuxsoundsocshrcaradg.c_rsnd_adg_calculate_rbgx_Final.c, 6, 4
extr_hashcatdepsLZMA-SDKCUtil7z7zMain.c_UIntToStr_Final.c, 8, 0
extr_raspberry-pi-osexerciseslesson052bl4ckout31srcprintf.c_ui2a_Final.c, 10, 2
extr_obs-studiolibobsobs-scene.c_mix_audio_Final.c, 4, 0
extr_os-tutorial19-interrupts-irqskernelutil.c_memory_copy_Final.c, 4, 0
extr_linuxdriversnetwirelessathcarl9170phy.c_carl9170_find_freq_idx_Final.c, 5, 1
extr_memcachedcrc32c.c_gf2_matrix_times_Final.c, 6, 0
extr_FFmpeglibavcodecsnow_dwt.c_vertical_compose97iL0_Final.c, 4, 0
extr_darwin-xnuteststurnstile_multihop.c_do_work_Final.c, 10, 0
extr_reactossdktoolsrsymrsym64.c_DwDecodeSleb128_Final.c, 4, 1
extr_darknetsrcstb_image.h_stbi__jpeg_dequantize_Final.c, 0, 0
extr_gitpager.c_decimal_width_Final.c, 4, 0
extr_libgit2testsclar_libgit2.c_strip_cr_from_buf_Final.c, 6, 1
extr_FFmpeglibavfilteraf_afftdn.c_solve_Final.c, 13, 0
extr_kphp-kdbstatsxstatsx-data.c_serialize_list2a_raw_Final.c, 5, 1
extr_obs-studiolibobsobs-scene.c_mix_audio_with_buf_Final.c, 4, 0
extr_reactosdllopenglmesaimage.c_gl_swap2_Final.c, 4, 0
extr_darwin-xnubsdnetinet6in6.c_in6_mask2len_Final.c, 11, 4
extr_linuxsecuritytomoyocommon.h_tomoyo_round2_Final.c, 0, 0
extr_reactosmodulesrosappsapplicationsnettsclientrdesktopuiportssvgawin.c_copy_mem_Final.c, 7, 0
extr_nginxsrccorengx_string.c_ngx_filename_cmp_Final.c, 6, 2
extr_linuxdriversstagingrtl8712rtl871x_security.c_construct_ctr_preload_Final.c, 10, 2
extr_reactosmodulesrosappsapplicationsnettsclientrdesktopuiportssvgawin.c_copy_memb_Final.c, 7, 0
extr_raspberry-pi-osexerciseslesson043bl4ckout31srcprintf.c_ui2a_Final.c, 10, 2
extr_hashcatdepsLZMA-SDKCUtil7z7zMain.c_UInt64ToStr_Final.c, 8, 0
extr_linuxarchs390bootals.c_u16_to_decimal_Final.c, 6, 0
extr_linuxnetbluetoothhci_event.c_eir_get_length_Final.c, 6, 0
extr_FFmpeglibavcodecsnow_dwt.c_vertical_decompose97iH1_Final.c, 4, 0
extr_kphp-kdbcachecache-binlog.c_a2hex_Final.c, 4, 0
extr_raspberry-pi-osexerciseslesson021zjd0112srcprintf.c_ui2a_Final.c, 10, 2
extr_FFmpeglibavcodecvorbis.c_ff_vorbis_nth_root_Final.c, 6, 0
extr_mpvaudiooutao_sdl.c_ceil_power_of_two_Final.c, 4, 0
extr_linuxnetmac80211wpa.c_ieee80211_crypto_cs_pn_compare_Final.c, 5, 2
extr_linuxdriversstagingrtl8188eucorertw_security.c_xor_128_Final.c, 3, 0
extr_darknetsrcblas.c_scal_cpu_Final.c, 4, 0
extr_nodemcu-firmwareappcoapuri.c_strnchr_Final.c, 4, 1
extr_FFmpeglibavcodecsnow_dwt.c_vertical_decompose97iL1_Final.c, 4, 0
extr_reactosmodulesrostestswinetestsuser32win.c_window_to_index_Final.c, 5, 1
extr_FFmpeglibavcodecrv34dsp.c_rv34_inv_transform_dc_noround_c_Final.c, 3, 0
extr_FFmpeglibavcodecmipsvc1dsp_mmi.c_ff_vc1_v_s_overlap_mmi_Final.c, 3, 0
extr_linuxdriversnetwirelessrealtekrtlwifirtl8821aephy.c__rtl8812ae_eq_n_byte_Final.c, 4, 2
extr_winfilesrclfnmisc.c_I_LFNEditName_Final.c, 11, 4
extr_FFmpeglibavcodecsnow_dwt.c_vertical_compose97iH0_Final.c, 4, 0
extr_reactosmodulesrosappsapplicationsnetdhcpdsrcutilsmacutils.c_maccpy_Final.c, 3, 0
extr_stbtestscaveviewcave_parse.c_nbt_swap_Final.c, 4, 0
extr_linuxcryptoansi_cprng.c_xor_vectors_Final.c, 4, 0
extr_masscansrcsmack1.c_row_shift_from_symbol_count_Final.c, 4, 0
extr_linuxdriversblockparidept.c_xs_Final.c, 6, 2
extr_linuxdriverssnioc3.c_crc16_byte_Final.c, 5, 0
extr_linuxdriversinfinibandhwi40iwi40iw_verbs.c_i40iw_check_mem_contiguous_Final.c, 5, 1
extr_linuxdriversgpudrmradeonr200.c_r200_get_vtx_size_0_Final.c, 11, 6
extr_h2odepshiredisread.c_seekNewline_Final.c, 6, 1
extr_emscriptentestsvorbis_test.c_set_data_in_Final.c, 4, 0
extr_brotlicencentropy_encode.c_BrotliReverseBits_Final.c, 4, 0
extr_linuxdriversisdni4lisdn_v110.c_DecodeMatrix_Final.c, 17, 0
extr_darknetsrcblas.c_fill_cpu_Final.c, 4, 0
extr_linuxdriversnetethernetmellanoxmlx5coreen_fs_ethtool.c_mask_spec_Final.c, 4, 0
extr_linuxdriversnetwirelessathath9kar9003_eeprom.c_ar9300_comp_cksum_Final.c, 4, 0
extr_openpilotpandaboardlibc.h_delay_Final.c, 0, 0
extr_linuxsamplesbpflathist_user.c_stars_Final.c, 6, 1
extr_raspberry-pi-osexerciseslesson022H-4ND-Hsrcprintf.c_ui2a_Final.c, 10, 2
extr_h2odepshiredissds.c_sdsll2str_Final.c, 7, 1
extr_radare2librasmarcharmarmass.c_findyz_Final.c, 6, 1
extr_linuxdriversstagingrtl8188eucorertw_security.c_construct_ctr_preload_Final.c, 10, 2
extr_linuxdriversblockparidepg.c_xs_Final.c, 8, 1
extr_darknetsrcstb_image_write.h_stbiw__zlib_countm_Final.c, 0, 0
extr_linuxnetdecnetdn_neigh.c_dn_find_slot_Final.c, 9, 2
extr_linuxlibmpigeneric_mpih-add1.c_mpihelp_add_n_Final.c, 3, 0
extr_nodemcu-firmwareappmodulessomfy.c_buildFrame_Final.c, 5, 0
extr_raspberry-pi-osexerciseslesson041rssrcprintf.c_ui2a_Final.c, 10, 2
extr_reactosbaseapplicationsmstscssl_calls.c_mpCompare_Final.c, 6, 3
extr_linuxdriversisdnhardwareeiconcapidtmf.c_capidtmf_goertzel_loop_Final.c, 7, 2
extr_FFmpeglibavcodecsnow_dwt.c_vertical_compose97iL1_Final.c, 4, 0
extr_emscriptentestslzmalzmaLzFind.c_MatchFinder_Normalize3_Final.c, 6, 0
extr_linuxdriversmediai2cadv7511.c_edid_block_verify_crc_Final.c, 3, 0
extr_nodemcu-firmwareappmodulesbme680.c_ln_Final.c, 0, 0
extr_FFmpeglibavcodecsnowenc.c_pix_sum_Final.c, 7, 0
extr_linuxdriversscsich.c_ch_check_voltag_Final.c, 7, 0
extr_FFmpeglibavcodecmpegvideoencdsp.c_pix_sum_c_Final.c, 5, 0
extr_BGAQRCode-Androidzbarsrcmainjnizbardecoderdatabar.c_decode10_Final.c, 4, 0
extr_wcdbandroidsqlciphersqlite3.c_btreeHeapPull_Final.c, 7, 0
extr_xhyvesrcpci_ahci.c_ahci_checksum_Final.c, 4, 0
extr_darknetsrcutils.c_scale_array_Final.c, 4, 0
extr_linuxfscifsasn1.c_compare_oid_Final.c, 5, 2
extr_h2odepshiredissds.c_sdsull2str_Final.c, 6, 0
extr_php-srcexthashhash_sha.c_SHAEncode32_Final.c, 4, 1
extr_darknetsrcblas.c_weighted_sum_cpu_Final.c, 6, 0
extr_raspberry-pi-osexerciseslesson023avenitosrcprintf.c_ui2a_Final.c, 10, 2
extr_kphp-kdbstatsxstatsx-data.c_list_add_sub_Final.c, 5, 0
extr_linuxdriversstagingrtl8712rtl871x_security.c_construct_mic_header2_Final.c, 10, 2
extr_ccvlib3rdpartysqlite3sqlite3.c_btreeHeapInsert_Final.c, 5, 0
extr_linuxdriversstagingrtl8723bscorertw_security.c_secmicputuint32_Final.c, 3, 0
extr_gitbisect.c_sqrti_Final.c, 6, 1
extr_FFmpeglibavcodecvc1dsp.c_vc1_h_s_overlap_c_Final.c, 5, 0
extr_reactosdllopenglglu32srclibutilmipmap.c_nearestPower_Final.c, 6, 1
extr_linuxdriversstagingrtl8723bshalhal_com.c_isAllSpaceOrTab_Final.c, 6, 1
extr_linuxdriversatmhe.c_rate_to_atmf_Final.c, 6, 0
extr_raspberry-pi-osexerciseslesson033rssrcprintf.c_ui2a_Final.c, 10, 2
extr_labenginecoderenderergl2tr_image.c_R_BlendOverTexture_Final.c, 4, 0
extr_BGAQRCode-Androidzbarsrcmainjnilibiconv-1.15libc99.h_c99_wctomb_Final.c, 0, 0
extr_linuxdriversstagingrtl8712rtl871x_security.c_construct_mic_iv_Final.c, 9, 2
extr_darwin-xnutoolstestsaffinitypool.c_reader_writer_fn_Final.c, 4, 0
extr_linuxdriversnetwirelessrealtekrtl8192cucorertw_security.c_xor_32_Final.c, 3, 0
extr_darknetsrcgemm.c_gemm_tn_Final.c, 10, 0
extr_php-srcextstandardmetaphone.c_Lookahead_Final.c, 5, 0
extr_reactoswin32ssgdintgdipalette.c_GetNumberOfBits_Final.c, 4, 0
extr_masscansrcmain-conf.c_count_cidr_bits_Final.c, 4, 1
extr_linuxdriverspariscgsc.c_gsc_find_local_irq_Final.c, 4, 1
extr_php-srcexthashhash_md.c_Encode_Final.c, 4, 1
extr_zstdlibdictBuilderzdict.c_ZDICT_flatLit_Final.c, 3, 0
extr_labenginecodeqcommonq_math.c_Q_log2_Final.c, 4, 0
extr_linuxdriversnetethernetbroadcomtg3.c_calc_crc_Final.c, 8, 0
extr_redissrchyperloglog.c_hllSigma_Final.c, 6, 0
extr_linuxdriversmiscaltera-staplaltera-jtag.c_altera_extract_target_data_Final.c, 4, 0
extr_emscriptensystemliblibcmuslsrcstringwmemset.c_wmemset_Final.c, 4, 0
extr_linuxdriversgpudrmi915intel_display.c_intel_reduce_m_n_ratio_Final.c, 5, 0
extr_linuxdriversvideofbdevudlfb.c_dlfb_lfsr16_Final.c, 4, 0
extr_FFmpeglibavcodecvp9dsp_template.c_memset_bpc_Final.c, 4, 0
extr_linuxdriversinputmousealps.c_alps_get_bitmap_points_Final.c, 8, 1
extr_ccvlibccv_cache.c_sparse_bitcount_Final.c, 4, 0
extr_linuxmmswap_state.c___swapin_nr_pages_Final.c, 4, 1
extr_darknetsrcblas.c_l2_cpu_Final.c, 4, 0
extr_FFmpegtestscheckasmvp8dsp.c_wht4x4_Final.c, 5, 0
extr_libsodiumsrclibsodiumsodiumutils.c_sodium_increment_Final.c, 4, 0
extr_linuxtoolsperfutilevsel.c___perf_evsel__sample_size_Final.c, 3, 0
extr_linuxdriversvideofbdevmatroxmatroxfb_accel.c_matrox_cfb8_pal_Final.c, 3, 0
extr_linuxdriverssnioc3.c_crc8_byte_Final.c, 5, 0
extr_os-tutorial19-interrupts-irqskernelutil.c_memory_set_Final.c, 4, 0
extr_linuxdriversstagingrtl8188eucorertw_mlme.c_rtw_restruct_wmm_ie_Final.c, 5, 1
extr_linuxdriversmediatunersmax2165.c_fixpt_div32_Final.c, 5, 2
extr_darknetsrcutils.c_sum_array_Final.c, 4, 0
extr_openpilotpandaboarddriversgmlan_alt.h_append_bits_Final.c, 0, 0
extr_h2odepspicotlsdepscifrasrccurve25519.donna.c_swap_conditional_Final.c, 3, 0
extr_tenginemodulesngx_http_lua_modulesrcngx_http_lua_string.c_ngx_http_lua_ngx_escape_sql_str_Final.c, 0, 0
extr_reactosmodulesrosappsapplicationsnetdhcpdsrcutilsmacutils.c_maccmp_Final.c, 3, 0
extr_masscansrcrand-primegen.c_doit6_Final.c, 9, 3
extr_linuxdriversnetethernetinteliceice_main.c_ice_fill_rss_lut_Final.c, 4, 0
extr_Mirai-Source-Codeloadersrcutil.c_util_memsearch_Final.c, 7, 3
extr_linuxdriverspcmciasoc_common.c_calc_speed_Final.c, 4, 0
extr_stbtools..stb.h_stb_hashlen_Final.c, 0, 0
extr_FFmpeglibavresampledither.c_dither_highpass_filter_Final.c, 4, 0
extr_raspberry-pi-osexerciseslesson032rssrcprintf.c_ui2a_Final.c, 10, 2
extr_linuxarcharmmach-omap1clock.c_calc_ext_dsor_Final.c, 6, 0
extr_kphp-kdbcommoncrc32.c_gf32_matrix_times_Final.c, 6, 0
extr_linuxdriversstagingrts5208general.c_bit1cnt_long_Final.c, 3, 0
extr_raspberry-pi-osexerciseslesson033avenitosrcprintf.c_ui2a_Final.c, 10, 2
extr_radare2librasmarchcrisgnucris-dis.c_print_flags_Final.c, 5, 0
extr_linuxdriversmediausbdvb-usb-v2lmedm04.c_check_sum_Final.c, 4, 0
extr_FFmpeglibavcodecintrax8dsp.c_spatial_compensation_10_Final.c, 5, 0
extr_reactosdllwin32rsaenhmpi.c_bn_reverse_Final.c, 4, 0
extr_stbtools..stb.h_stb_bitset_subset_Final.c, 0, 0
extr_gitbisect.c_log2i_Final.c, 4, 0
extr_darknetsrcblas.c_const_cpu_Final.c, 4, 0
extr_php-srcextphartar.c_phar_tar_octal_Final.c, 5, 1
extr_linuxdriversnetethernetbroadcombnxtbnxt_ethtool.c_bnxt_parse_pkglog_Final.c, 12, 4
extr_skynetlualib-srclua-crypt.c_mul_mod_p_Final.c, 9, 1
extr_linuxdriverss390netqeth_l3_main.c_qeth_l3_fill_netmask_Final.c, 5, 1
extr_FFmpeglibavcodecdiracdec.c_propagate_block_data_Final.c, 9, 0
extr_linuxdriversisdnhisaxisar.c_insert_dle_Final.c, 5, 1
extr_linuxdriversstagingrtl8723bscorertw_security.c_xor_32_Final.c, 3, 0
extr_FFmpeglibavcodecbgmc.c_bgmc_lut_fillp_Final.c, 4, 1
extr_radare2librasmarcharmaarch64aarch64-dis.c_get_top_bit_Final.c, 4, 0
extr_linuxdriversnetethernetamdariadne.c_memcpyw_Final.c, 6, 0
extr_FFmpeglibavfiltervf_fspp.c_mul_thrmat_c_Final.c, 3, 0
extr_reactosdllwin32usp10bidi.c_reverse_Final.c, 4, 0
extr_obs-studiolibobsaudio-monitoringosx....graphicsgraphics.h_gs_get_total_levels_Final.c, 0, 0
extr_linuxdriversnetethernetbroadcombnx2xbnx2x_reg.h_calc_crc8_Final.c, 0, 0
extr_darknetsrcblas.c_axpy_cpu_Final.c, 4, 0
extr_linuxdriversiiolightsi1145.c_si1145_compress_Final.c, 9, 3
extr_opensslcryptoeccurve25519.c_fe51_cswap_Final.c, 0, 0
extr_labenginecoderenderergl2tr_extramath.c_NextPowerOfTwo_Final.c, 4, 0
extr_linuxsamplesbpflwt_len_hist_user.c_stars_Final.c, 6, 1
extr_linuxdriverstargetiscsiiscsi_target_nego.c_convert_null_to_semi_Final.c, 5, 1
extr_linuxdriversblockaoeaoecmd.c_ata_ident_fixstring_Final.c, 4, 0
extr_linuxsoundpciaw2aw2-saa7146.c_snd_aw2_saa7146_get_limit_Final.c, 4, 0
extr_darwin-xnubsdnetnecp.c_necp_count_dots_Final.c, 5, 1
extr_linuxdriversstagingrtl8188eucorertw_ieee80211.c_rtw_get_rateset_len_Final.c, 5, 0
extr_reactosdllwin32vbscriptregexp.c_ReadCompactIndex_Final.c, 4, 0
extr_php-srcZendzend_bitset.h_zend_bitset_difference_Final.c, 0, 0
extr_FFmpeglibavcodecac3enc.c_count_frame_bits_fixed_Final.c, 14, 5
extr_os-tutorial23-fixeslibcmem.c_memory_copy_Final.c, 4, 0
extr_FFmpeglibavcodecsnow_dwt.c_vertical_compose53iL0_Final.c, 4, 0
extr_linuxdriversnetwirelessrealtekrtl8192cucorertw_security.c_secmicputuint32_Final.c, 3, 0
extr_labq3map2libspicomodelpicointernal.c__pico_zero_bounds_Final.c, 1, 0
extr_reactosdlldirectxwined3dx9_36font.c_make_pow2_Final.c, 5, 0
extr_reactossdktoolsrsymrsym64.c_DwDecodeUleb128_Final.c, 3, 0
extr_raspberry-pi-osexerciseslesson031avenitosrcprintf.c_ui2a_Final.c, 10, 2
extr_linuxdriversstagingrtl8723bscorertw_security.c_construct_mic_header2_Final.c, 10, 2
extr_stbtools..stb.h_stb_crc32_block_Final.c, 0, 0
extr_FFmpeglibavfiltervf_pp7.c_dctB_c_Final.c, 3, 0
extr_linuxarchsparcnetbpf_jit_comp_64.c_analyze_64bit_constant_Final.c, 17, 3
extr_FFmpeglibavcodecmss1.c_arith_get_prob_Final.c, 3, 0
extr_rufussrcext2fsextent.c_ul_log2_Final.c, 4, 0
extr_linuxdriversnetwirelessrealtekrtl8192cucorertw_security.c_construct_mic_iv_Final.c, 9, 2
extr_raspberry-pi-osexerciseslesson032avenitosrcprintf.c_ui2a_Final.c, 10, 2
extr_reactosbaseapplicationsmstscssl_calls.c_mpSetEqual_Final.c, 4, 0
extr_os-tutorial22-malloclibcmem.c_memory_copy_Final.c, 4, 0
extr_linuxdriversstagingrtl8723bshalhal_com.c_eqNByte_Final.c, 4, 2
extr_raspberry-pi-osexerciseslesson051avenitosrcprintf.c_ui2a_Final.c, 10, 2
extr_FFmpeglibavcodeclossless_videodsp.c_add_bytes_c_Final.c, 7, 0
extr_raspberry-pi-osexerciseslesson045bl4ckout31srcprintf.c_ui2a_Final.c, 10, 2
extr_FFmpeglibavcodectwinvq.c_rearrange_lsp_Final.c, 6, 0
extr_labthird_partymdmd5c.c_MD5_memcpy_Final.c, 4, 0
extr_FFmpeglibavfilteraf_afftdn.c_factor_Final.c, 10, 0
extr_FFmpeglibavcodecdiracdec.c_add_frame_Final.c, 5, 1
extr_linuxnetwirelesslib80211_crypt_ccmp.c_xor_block_Final.c, 4, 0
extr_kphp-kdbutiltftp.c_tftp_fetch_string_Final.c, 4, 1
extr_FFmpeglibavutilfixed_dsp.c_butterflies_fixed_c_Final.c, 4, 0
extr_linuxlibts_bm.c_subpattern_Final.c, 5, 2
extr_darknetsrcutils.c_translate_array_Final.c, 4, 0
extr_reactosmodulesrosappsapplicationsnettsclientrdesktopxclip.c_crlf2lf_Final.c, 6, 0
extr_linuxsoundsynthemuxsoundfont.c_calc_parm_search_Final.c, 6, 0
extr_The-Art-Of-Programming-By-Julyebookcodec2.6：求连续子数组的最大和.c_maxSubArray_Final.c, 8, 1
extr_FFmpeglibavcodectakdsp.c_decorrelate_sm_Final.c, 4, 0
extr_FFmpeglibavfilterasrc_sinc.c_invert_Final.c, 4, 0
extr_raspberry-pi-osexerciseslesson042rssrcprintf.c_ui2a_Final.c, 10, 2
extr_emscriptensystemliblibcmuslsrccryptcrypt_des.c_setup_salt_Final.c, 5, 0
extr_emscriptentestscoretest_i64_2.c_returner2_Final.c, 4, 0
extr_darknetsrcgemm.c_gemm_nn_Final.c, 10, 0
extr_linuxdriversusbhostdwc_otgdwc_otg_pcd.c_assign_tx_fifo_Final.c, 5, 1
extr_emscriptentestssqlitesqlite3.c_estLog_Final.c, 4, 0
extr_os-tutorial17-video-scrollkernelutil.c_memory_copy_Final.c, 4, 0
extr_linuxdriversstagingrtl8723bscorertw_ieee80211.c_rtw_get_rateset_len_Final.c, 5, 0
extr_linuxdriversnfcst21nfcai2c.c_get_frame_size_Final.c, 5, 0
extr_stbtests..stb_ds.h_stbds_log2_Final.c, 0, 0
extr_linuxdriversmediausbcx231xxcx231xx-video.c_cx231xx_find_next_SAV_EAV_Final.c, 5, 1
extr_linuxdrivershidhid-core.c_search_Final.c, 4, 1
extr_linuxdriversvideofbdevmetronomefb.c_calc_img_cksum_Final.c, 4, 0
extr_FFmpeglibswscaleswscale.c_chrRangeFromJpeg_c_Final.c, 4, 0
extr_linuxdriversmtdnandrawnand_base.c_nand_id_has_period_Final.c, 5, 1
extr_labq3map2libsmathlibmathlib.c_VectorIsOnAxialPlane_Final.c, 7, 1
extr_linuxdriversnetwirelessrealtekrtl8192cucorertw_ieee80211.c_rtw_get_rateset_len_Final.c, 5, 0
extr_wcdbandroidsqlciphersqlite3.c_sqlite3Pow10_Final.c, 6, 0
extr_darknetsrcgemm.c_gemm_nt_Final.c, 10, 0
extr_FFmpeglibavcodecvorbisdec.c_ff_vorbis_inverse_coupling_Final.c, 10, 2
extr_linuxdriversmediai2cir-kbd-i2c.c_cmp_no_trail_Final.c, 4, 1
extr_stbtestsprereleasestb_lib.h_stb_crc32_block_Final.c, 0, 0
extr_gitxdiffxutils.c_xdl_num_out_Final.c, 10, 2
extr_linuxtoolstestingselftestssizeget_size.c_num_to_str_Final.c, 3, 0
extr_Craftdepssqlitesqlite3.c_estLog_Final.c, 4, 0
extr_linuxdriversnetethernethuaweihinichinic_hw_eqs.c_eq_cons_idx_checksum_set_Final.c, 3, 0
extr_linuxdriversmediaplatformqcomcamsscamss-csid.c_csid_find_code_Final.c, 7, 3
extr_labenginecodeqcommoncm_patch.c_CM_Subdivide_Final.c, 3, 0
extr_FFmpeglibavcodecilbcdec.c_index_conv_Final.c, 7, 4
extr_The-Art-Of-Programming-By-Julyebookcodec10.1.3：教你一步一步用c语言实现sift算法、下.c_normalizeVec_Final.c, 7, 0
extr_kphp-kdbgeoipgeoip_v6.c_deg2_Final.c, 4, 0
extr_radare2libranalpanal_x86_cs.c_cs_len_prefix_opcode_Final.c, 3, 0
extr_emscriptentestssqlitespeedtest1.c_est_square_root_Final.c, 7, 0
extr_php-srcextphartar.c_phar_tar_checksum_Final.c, 4, 0
extr_The-Art-Of-Programming-By-Julyebookcodec4.3：出现次数超过一半的数字.c_FindOneNumber_Final.c, 9, 0
extr_reactosmodulesrosappslibvfdlibvfdfat.c_SelectDosBpb_Final.c, 4, 1
extr_FFmpeglibavcodecscpr3.c_renew_table3_Final.c, 7, 0
extr_linuxdriversstagingrtl8723bscorertw_security.c_xor_128_Final.c, 3, 0
extr_linuxsoundsocfslfsl_asrc.c_fsl_asrc_cal_asrck_divisor_Final.c, 4, 0
extr_h2odepspicotlsdepscifrasrctestmodes.c_fill_Final.c, 4, 0
extr_linuxdriversvideofbdevpm3fb.c_pm3fb_calculate_clock_Final.c, 11, 0
extr_raspberry-pi-osexerciseslesson041avenitosrcprintf.c_ui2a_Final.c, 10, 2
extr_disquesrcsds.c_sdsll2str_Final.c, 7, 1
extr_openpilotselfdrivelocationdget_vp.c_get_intersections_Final.c, 9, 1
extr_darknetsrcblas.c_mul_cpu_Final.c, 4, 0
extr_reactosbaseapplicationsmstscbsops.c_bs_copy_memb_Final.c, 7, 0
extr_tenginesrccorengx_string.c_ngx_escape_json_Final.c, 0, 0
extr_linuxdriversclksunxiclk-sun4i-tcon-ch1.c_tcon_ch1_calc_divider_Final.c, 14, 2
extr_linuxdriversvideofbdevrivariva_hw.c_CalcVClock_Final.c, 6, 3
extr_FFmpeglibavresampleresample.c_bessel_Final.c, 4, 0
extr_redisdepshiredissds.c_sdsull2str_Final.c, 6, 0
extr_labenginecodeqcommonq_shared.c_SkipWhitespace_Final.c, 6, 2
extr_h2odepspicotlsdepscifrasrcpoly1305.c_poly1305_min_reduce_Final.c, 5, 0
extr_reactosmodulesrostestsapitestsgdi32GetFontResourceInfoW.c_ReplaceChars_Final.c, 5, 1
extr_php-srcZendzend_bitset.h_zend_bitset_union_with_difference_Final.c, 0, 0
extr_reactosmodulesrosappsapplicationsnettsclientrdesktopxwin.c_calculate_mask_weight_Final.c, 3, 0
extr_kphp-kdbdnsdns-data.c_array_reverse_Final.c, 4, 0
extr_nodemcu-firmwareappmqttmqtt_msg.c_mqtt_get_total_length_Final.c, 6, 0
extr_kphp-kdbbayesbayes-data.c_ok_cp1251_Final.c, 4, 1
extr_reactosmodulesrosappsapplicationssysutilsutilsrosperfrosperf.c_RoundTo3Digits_Final.c, 6, 2
extr_linuxdriversnetwirelessathath9kcommon.c_ath9k_cmn_count_streams_Final.c, 4, 0
extr_linuxtoolstestingselftestsvmthuge-gen.c_ilog2_Final.c, 4, 0
extr_linuxdriversandroidbinder_alloc_selftest.c_is_dup_Final.c, 4, 1
extr_linuxdrivershidhid-core.c___implement_Final.c, 6, 0
extr_reactosdllwin32versionversion.c_push_language_Final.c, 4, 1
extr_reactossdklibfslibext2libMke2fs.c_int_log10_Final.c, 4, 0
extr_radare2shlrqnxsrcutils.c_errnoconvert_Final.c, 6, 1
extr_linuxdriversstagingiioadcad7280a.c_ad7280_crc8_build_table_Final.c, 6, 1
extr_reactosmodulesrosappsapplicationsnettsclientrdesktopsecure.c_reverse_Final.c, 4, 0
extr_FFmpeglibavcodecsnow_dwt.c_ff_snow_vertical_compose97i_Final.c, 4, 0
extr_raspberry-pi-osexerciseslesson042avenitosrcprintf.c_ui2a_Final.c, 10, 2
extr_radare2librasmpasm_avr.c_packDataByMask_Final.c, 7, 0
extr_reactossdklibrtlcompress.c_lznt1_decompress_chunk_Final.c, 14, 2
extr_tenginesrccorengx_string.c_ngx_rstrncasecmp_Final.c, 0, 0
extr_disquesrcsds.c_sdsull2str_Final.c, 6, 0
extr_php-srcextgdlibgdgd_interpolation.c_KernelBessel_J1_Final.c, 3, 0
extr_raspberry-pi-osexerciseslesson022evopensrcprintf.c_ui2a_Final.c, 10, 2
extr_kittykittyscreen.c_init_tabstops_Final.c, 4, 0
extr_emscriptensystemliblibcmuslsrcinternalprocfdname.c___procfdname_Final.c, 7, 1
extr_linuxarchpowerpcoprofileop_model_power4.c_power7_marked_instr_event_Final.c, 4, 1
extr_numpynumpycoresrcnpymathhalffloat.c_npy_halfbits_to_floatbits_Final.c, 6, 2
extr_FFmpeglibavcodecsnow_dwt.c_vertical_decompose53iH0_Final.c, 4, 0
extr_tenginesrcstreamngx_stream_log_module.c_ngx_stream_log_copy_short_Final.c, 0, 0
extr_redissrcsds.c_sdsull2str_Final.c, 6, 0
extr_linuxdriversblockamiflop.c_decode_Final.c, 3, 0
extr_reactossdklib3rdpartybzip2huffman.c_BZ2_hbAssignCodes_Final.c, 8, 1
extr_opensslcryptomodesctr128.c_ctr128_inc_Final.c, 3, 0
extr_nuklearexamplestb_image.h_stbi__jpeg_dequantize_Final.c, 0, 0
extr_raspberry-pi-osexerciseslesson042bl4ckout31srcprintf.c_ui2a_Final.c, 10, 2
extr_linuxnetschedsch_cbq.c_cbq_adjust_levels_Final.c, 5, 1
extr_reactosdllcplpowercfgadvanced.c_FindActionIndex_Final.c, 6, 0
extr_labthird_partymdmd5c.c_Encode_Final.c, 4, 1
extr_linuxdriversnetethernettidavinci_emac.c_hash_get_Final.c, 1, 0
extr_raspberry-pi-osexerciseslesson044bl4ckout31srcprintf.c_ui2a_Final.c, 10, 2
extr_reactosdllwin32wbemproxbuiltin.c_regs_to_str_Final.c, 4, 0
extr_FFmpeglibavfilteraf_astats.c_bit_depth_Final.c, 6, 1
extr_gitgrep.c_end_of_line_Final.c, 5, 0
extr_nginxsrccorengx_string.c_ngx_escape_html_Final.c, 11, 5
extr_nodemcu-firmwareappmqttmqtt_msg.c_mqtt_get_publish_topic_Final.c, 7, 2
extr_nginxsrchttpmodulesngx_http_log_module.c_ngx_http_log_copy_short_Final.c, 0, 0
extr_labq3map2libspicomodelpicointernal.c__pico_expand_bounds_Final.c, 6, 1
extr_redissrcsds.c_sdsll2str_Final.c, 7, 1
extr_raspberry-pi-ossrclesson02srcprintf.c_ui2a_Final.c, 10, 2
extr_h2odepspicotlsdepscifrasrccurve25519.tweetnacl.c_sel25519_Final.c, 3, 0
extr_hashcatsrcmpsp.c_mask_ctx_parse_maskfile_find_mask_Final.c, 7, 2
extr_linuxscriptsmodmodpost.c_next_string_Final.c, 4, 1
extr_stbtools..stb.h_stb_adler32_Final.c, 0, 0
extr_linuxdriversinputtouchscreenpenmount.c_pm_checkpacket_Final.c, 3, 0
extr_linuxdriversnetwirelessrealtekrtlwifirtl8192eephy.c__phy_convert_txpower_dbm_to_relative_value_Final.c, 4, 1
extr_linuxdriversnetethernetcaviumliquidioocteon_droq.c_octeon_droq_compute_max_packet_bufs_Final.c, 3, 0
extr_darknetsrcblas.c_dot_cpu_Final.c, 4, 0
extr_FFmpeglibavfilterasrc_sinc.c_bessel_I_0_Final.c, 4, 0
extr_linuxdriversfirmwareefilibstubgop.c_find_bits_Final.c, 5, 2
extr_php-srcZendzend_bitset.h_zend_bitset_union_with_intersection_Final.c, 0, 0
extr_darknetsrcblas.c_weighted_delta_cpu_Final.c, 8, 0
extr_hashcatsrcwordlist.c_get_next_word_std_Final.c, 4, 1
extr_linuxdriversvideohdmi.c_hdmi_infoframe_checksum_Final.c, 4, 0
extr_emscriptensystemliblibcmuslsrcpasswdgetgr_a.c_itoa_Final.c, 3, 0
extr_linuxdriversnetethernetintelfm10kfm10k_tlv.c_fm10k_tlv_attr_get_null_string_Final.c, 6, 1
extr_raspberry-pi-osexerciseslesson051bl4ckout31srcprintf.c_ui2a_Final.c, 10, 2
extr_linuxdriversmediacommonb2c2flexcop-eeprom.c_calc_lrc_Final.c, 4, 0
extr_libuvtestrunner.c_fmt_Final.c, 13, 4
extr_reactosdllwin32lpkbidi.c_SetDeferredRun_Final.c, 4, 0
extr_linuxfsdlmlock.c_nodeid_warned_Final.c, 6, 2
extr_linuxdriversinputjoysticksidewinder.c_sw_check_Final.c, 6, 0
extr_darwin-xnuosfmkkernstack.c_log2_Final.c, 4, 0
extr_hashcatsrcwordlist.c_get_next_word_uc_Final.c, 7, 1
extr_tenginesrccorengx_string.c_ngx_cpystrn_Final.c, 0, 0
extr_FFmpeglibavcodeccfhd.c_difference_coding_Final.c, 7, 0
extr_linuxtoolsperfarchx86utilintel-pt.c_intel_pt_pick_bit_Final.c, 7, 1
extr_FFmpeglibavcodectwinvq.c_linear_perm_Final.c, 4, 0
extr_FFmpeglibavcodech261.c_h261_loop_filter_Final.c, 11, 0
extr_darwin-xnubsdnfsnfs_node.c_nfs_node_sort4_Final.c, 12, 2
extr_linuxdriversstagingrtl8712rtl871x_security.c_xor_128_Final.c, 3, 0
extr_FFmpeglibavcodecintrax8dsp.c_spatial_compensation_4_Final.c, 5, 0
extr_labenginecodebspcaas_file.c_AAS_DData_Final.c, 4, 0
extr_linuxdriversinfinibandhwi40iwi40iw_ctrl.c_i40iw_get_encoded_wqe_size_Final.c, 4, 0
extr_opensslsslpacket.c_put_value_Final.c, 4, 0
extr_linuxdriversnetethernetxilinxxilinx_emaclite.c_xemaclite_aligned_read_Final.c, 6, 0
extr_redisdepsluasrclua_struct.c_correctbytes_Final.c, 5, 0
extr_hashcatdepsLZMA-SDKCLzFind.c_MatchFinder_Normalize3_Final.c, 6, 0
extr_torch7libTHTHHalf.c_TH_halfbits2float_Final.c, 7, 1
extr_linuxdriversvideofbdevnvidianv_hw.c_CalcVClock_Final.c, 4, 1
extr_linuxdriversnetethernetamdxgbexgbe-phy-v2.c_xgbe_phy_sfp_verify_eeprom_Final.c, 4, 0
extr_opensslcryptoideai_skey.c_inverse_Final.c, 6, 1
extr_FFmpeglibavfiltervf_transpose.c_transpose_block_8_c_Final.c, 8, 2
extr_nodemcu-firmwareapplualdump.c_MaybeByteSwap_Final.c, 5, 0
extr_libgit2srcxdiffxutils.c_xdl_num_out_Final.c, 10, 2
extr_BGAQRCode-Androidzbarsrcmainjnizbarqrcodeisaac.c_isaac_mix_Final.c, 3, 0
extr_emscriptentestssqlitespeedtest1.c_roundup_allones_Final.c, 4, 0
extr_FFmpeglibavcodecac3enc.c_mul_poly_Final.c, 6, 1
extr_FFmpeglibavcodecsbrdsp_fixed.c_sbr_qmf_pre_shuffle_c_Final.c, 3, 0
extr_linuxdriversnetwirelessrealtekrtlwifirtl8723bephy.c__phy_convert_txpower_dbm_to_relative_value_Final.c, 4, 1
extr_tenginesrchttpmodulesngx_http_log_module.c_ngx_http_log_copy_short_Final.c, 0, 0
extr_FFmpeglibavcodecsanm.c_fill_block_Final.c, 6, 0
extr_darwin-xnubsdnetinet6ip6_id.c_pmod_Final.c, 6, 0
extr_FFmpeglibavcodecdirac_arith.h_renorm_Final.c, 0, 0
extr_labenginecodebspcl_cmd.c_Q_strncasecmp_Final.c, 5, 2
extr_radare2librdebugpnativedrx.c_drx_next_Final.c, 5, 0
extr_linuxdriversstagingrtlwifirtl8822bephy.c__rtl8822be_eq_n_byte_Final.c, 4, 2
extr_linuxdriversusbgadgetfunctionu_audio.h_num_channels_Final.c, 0, 0
extr_raspberry-pi-osexerciseslesson053avenitosrcprintf.c_ui2a_Final.c, 10, 2
extr_linuxdriversblockamiflop.c_checksum_Final.c, 4, 0
extr_radare2librhashmd5.c_Encode_Final.c, 4, 1
extr_raspberry-pi-ossrclesson05srcprintf.c_ui2a_Final.c, 10, 2
extr_h2ot00unitlibhttp2casper.c_get_end_of_cookie_value_Final.c, 5, 0
extr_wcdbandroidsqlciphersqlite3.c_btreeHeapInsert_Final.c, 5, 0
extr_raspberry-pi-osexerciseslesson021H-4ND-Hsrcprintf.c_ui2a_Final.c, 10, 2
extr_numpynumpycoresrcmultiarraycalculation.c_power_of_ten_Final.c, 5, 1
extr_FFmpegtestsapiapi-flac-test.c_generate_raw_frame_Final.c, 7, 0
extr_darknetsrcutils.c_top_k_Final.c, 20, 1
extr_linuxdriversstagingrtl8188eucorertw_ieee80211.c_rtw_get_ie_Final.c, 6, 1
extr_masscansrcrand-lcg.c_count_digits_Final.c, 4, 0
extr_darknetsrcstb_image_write.h_stbiw__crc32_Final.c, 0, 0
extr_radare2librasmarcharmarmass64.c_countLeadingZeros_Final.c, 4, 0
extr_gitsha1-name.c_msb_Final.c, 4, 0
extr_linuxdriversmtdnandrawsunxi_nand.c_sunxi_nfc_randomizer_step_Final.c, 4, 0
extr_reactoswin32ssprintingbasewinspooldevmode.c__FixStringA_Final.c, 5, 1
extr_FFmpeglibavutiltwofish.c_gfmul_Final.c, 9, 0
extr_linuxdriversthermalint340x_thermalint3406_thermal.c_int3406_thermal_get_index_Final.c, 6, 1
extr_obs-studiotesttest-inputsync-pair-vid.c_fill_texture_Final.c, 5, 0
extr_goaccesssrcutil.c_intlen_Final.c, 4, 0
extr_linuxdriversnetethernetmellanoxmlx5coreen_main.c_mlx5e_build_default_indir_rqt_Final.c, 4, 0
extr_linuxdriversmediadvb-frontendsnxt200x.c_nxt200x_crc_Final.c, 5, 0
extr_Craftsrcmatrix.c_mat_multiply_Final.c, 9, 0
extr_linuxdriversscsiaic94xxaic94xx_sds.c_asd_calc_flash_chksum_Final.c, 4, 0
extr_linuxarchumdriversslip_common.h_slip_esc_Final.c, 0, 0
extr_raspberry-pi-osexerciseslesson022rssrcprintf.c_ui2a_Final.c, 10, 2
extr_FFmpeglibavcodecjpeg2000dwt.c_extend97_float_Final.c, 3, 0
extr_raspberry-pi-ossrclesson04srcprintf.c_ui2a_Final.c, 10, 2
extr_libgit2srcdiff_stats.c_digits_for_value_Final.c, 4, 0
extr_raspberry-pi-osexerciseslesson045avenitosrcprintf.c_ui2a_Final.c, 10, 2
extr_FFmpeglibavcodecsnow_dwt.c_vertical_compose53iH0_Final.c, 4, 0
extr_radare2librasmp..archavravr_disasm.c_extractDataFromMask_Final.c, 7, 0
extr_labenginecodebotlibbe_aas_file.c_AAS_DData_Final.c, 4, 0
extr_disquedepshiredissds.c_sdsull2str_Final.c, 6, 0
extr_os-tutorial18-interruptskernelutil.c_memory_set_Final.c, 4, 0
extr_FFmpeglibavcodecexrdsp.c_predictor_scalar_Final.c, 4, 0
extr_stbtools..stb.h_stb_bitset_eq_Final.c, 0, 0
extr_linuxdriversnetethernetinteli40ei40e_main.c_i40e_fill_rss_lut_Final.c, 4, 0
extr_labenginecodeserversv_main.c_SV_ExpandNewlines_Final.c, 6, 1
extr_linuxsoundpciemu10k1io.c_snd_emu10k1_rate_to_pitch_Final.c, 5, 2
extr_linuxdriversnetwirelessrealtekrtl8192cucorertw_security.c_xor_128_Final.c, 3, 0
extr_linuxdriversstagingrtl8712rtl871x_security.c_bitwise_xor_Final.c, 3, 0
extr_raspberry-pi-osexerciseslesson022avenitosrcprintf.c_ui2a_Final.c, 10, 2
extr_linuxdriversmediapcibt8xxdst.c_dst_check_sum_Final.c, 5, 0
extr_reactosbaseapplicationsmstscorders.c_process_compressed_8x8_brush_data_Final.c, 10, 0
extr_FFmpeglibswscaleswscale.c_chrRangeFromJpeg16_c_Final.c, 4, 0
extr_labq3map2libsmathlibm4x4.c_m4_submat_Final.c, 11, 4
extr_linuxlibmpigeneric_mpih-sub1.c_mpihelp_sub_n_Final.c, 3, 0
extr_linuxdriversgpudrmudludl_modeset.c_udl_lfsr16_Final.c, 4, 0
extr_openpilotpandaboarddriversgmlan_alt.h_append_crc_Final.c, 0, 0
extr_FFmpeglibavfilteravf_showvolume.c_find_rms_Final.c, 4, 0
extr_linuxdriversgpudrmgma500cdv_intel_dp.c_unpack_aux_Final.c, 4, 0
extr_linuxdriversacpiacpicatbprint.c_acpi_tb_checksum_Final.c, 4, 0
extr_linuxdriversmediai2cir-kbd-i2c.c_copy_codes_Final.c, 6, 0
extr_reactosbaseapplicationsnetworknslookuputility.c_ExtractName_Final.c, 11, 2
extr_linuxdriversmmchostmtk-sd.c_msdc_dma_calcs_Final.c, 4, 0
extr_linuxnetdccpfeat.c_dccp_feat_prefer_Final.c, 6, 3
extr_h2olibcommontime.c_emit_digits_Final.c, 3, 0
extr_obs-studiolibobsobs-source-transition.c_calc_min_ts_Final.c, 5, 2
extr_linuxdriversvideofbdevcorefbcon_ud.c_ud_update_attr_Final.c, 7, 3
extr_php-srcexthashhash_haval.c_Encode_Final.c, 4, 1
extr_linuxnetax25ax25_subr.c_ax25_validate_nr_Final.c, 5, 1
extr_redisdepshiredissds.c_sdsll2str_Final.c, 7, 1
extr_masscansrccrypto-blackrock2.c_next_power_of_two_Final.c, 4, 0
extr_linuxdriversedacsb_edac.c_haswell_chan_hash_Final.c, 3, 0
extr_FFmpeglibavcodecsnow_dwt.c_horizontal_compose53i_Final.c, 11, 1
extr_raspberry-pi-osexerciseslesson031xdfm1srcprintf.c_ui2a_Final.c, 10, 2
extr_linuxdriversstagingrtl8192uieee80211ieee80211_crypt_ccmp.c_xor_block_Final.c, 4, 0
extr_linuxdriversmediaplatformqcomcamsscamss-vfe.c_vfe_find_code_Final.c, 7, 3
extr_emscriptentestsnbody-javaxmlvm-number.c_addHighPrecision_Final.c, 7, 2
extr_linuxdriversmediausbdvb-usbvp702x-fe.c_vp702x_chksum_Final.c, 4, 0
extr_linuxlibraid6mktables.c_gfmul_Final.c, 8, 0
extr_reactoswin32ssprintingbasewinspooldevmode.c__FixStringW_Final.c, 5, 1
extr_darwin-xnubsdnetinetin.c_in_socktrim_Final.c, 4, 1
extr_linuxdriversusbserialpl2303.c_pl2303_encode_baud_rate_divisor_Final.c, 7, 1
extr_linuxdriversinputjoysticka3d.c_a3d_csum_Final.c, 4, 0
extr_linuxdriversnethamradiomkiss.c_kiss_esc_crc_Final.c, 9, 2
extr_linuxdriversmediausbcx231xxcx231xx-video.c_cx231xx_swab_Final.c, 5, 0
extr_linuxdriversvideofbdevatafb_utils.h_fill16_col_Final.c, 0, 0
extr_linuxdriversnetwirelessrealtekrtl8192cucorertw_security.c_construct_ctr_preload_Final.c, 10, 2
extr_labthird_partymdmd4c.c_MD4_memcpy_Final.c, 4, 0
extr_linuxdriversmediadvb-frontendsmxl5xx.c_convert_endian_Final.c, 8, 2
extr_darwin-xnutoolstestsaffinitysets.c_reader_writer_fn_Final.c, 4, 0
extr_FFmpeglibavcodecmipsvc1dsp_mmi.c_ff_vc1_h_s_overlap_mmi_Final.c, 5, 0
extr_darwin-xnubsdnetinet6ip6_fw.c_port_match6_Final.c, 8, 3
extr_tenginesrccorengx_string.c_ngx_strncasecmp_Final.c, 0, 0
extr_FFmpeglibavcodecacelp_filters.c_ff_tilt_compensation_Final.c, 4, 0
extr_FFmpeglibavcodecutvideodsp.c_restore_rgb_planes_c_Final.c, 7, 0
extr_labq3map2q3map2visflow.c_CountBits_Final.c, 4, 0
extr_linuxdriversperfarm-cci.c_is_duplicate_irq_Final.c, 4, 1
extr_linuxdriversnetethernetintele1000emanage.c_e1000_calculate_checksum_Final.c, 5, 0
extr_The-Art-Of-Programming-By-Julyebookcodec10.1.3：教你一步一步用c语言实现sift算法、下.c_AverageWeakBins_Final.c, 9, 0
extr_kphp-kdbstatsxstatsx-data.c_list_add_Final.c, 5, 1
extr_disquedepshiredissds.c_sdsll2str_Final.c, 7, 1
extr_reactosdllwin32windowscodecsconverter.c_rgb_to_palette_index_Final.c, 7, 1
extr_linuxarchs390bootals.c_u16_to_hex_Final.c, 5, 0
extr_linuxdriversnetethernetmarvellmv643xx_eth.c_addr_crc_Final.c, 7, 0
extr_kphp-kdbmc-proxymc-proxy-statsx-extension.c_serialize_list2_raw_new_Final.c, 4, 0
extr_linuxsoundpcictxfictresource.c_get_resource_Final.c, 7, 1
extr_raspberry-pi-osexerciseslesson021avenitosrcprintf.c_ui2a_Final.c, 10, 2
extr_os-tutorial20-interrupts-timerkernelutil.c_memory_copy_Final.c, 4, 0
extr_raspberry-pi-osexerciseslesson033bl4ckout31srcprintf.c_ui2a_Final.c, 10, 2
extr_FFmpeglibavcodecvc1dsp.c_vc1_v_s_overlap_c_Final.c, 3, 0
extr_linuxarchx86kernelcpuintel_rdt.c_setup_default_ctrlval_Final.c, 4, 0
extr_linuxdriverss390charsclp_tty.c_sclp_switch_cases_Final.c, 6, 2
extr_rufussrcparser.c_make_flagged_int_Final.c, 6, 0
extr_ccvlib3rdpartykissfftkiss_fft.c_kiss_fft_next_fast_size_Final.c, 11, 0
extr_linuxtoolsiioiio_utils.c_calc_digits_Final.c, 4, 0
extr_linuxfsnfsdnfs4recover.c_md5_to_hex_Final.c, 3, 0
extr_linuxdriversvideofbdevnvidianv_hw.c_CalcVClock2Stage_Final.c, 4, 1
extr_reactosbaseapplicationsmstscbsops.c_bs_copy_mem_Final.c, 7, 0
extr_stbtools..stb.h_stb_bitset_unioneq_changed_Final.c, 0, 0
extr_openpilotphonelibsnanovgnanovg.c_nvg__polyReverse_Final.c, 4, 0
extr_linuxdriversmediaradioradio-miropcm20.c_sanitize_Final.c, 6, 0
extr_linuxdriversnetwirelessrealtekrtlwifirtl8821aephy.c__phy_convert_txpower_dbm_to_relative_value_Final.c, 4, 1
extr_mimikatzmimikatzmoduleskuhl_m_sr98.c_kuhl_m_sr98_hid26_Manchester_4bits_Final.c, 3, 0
extr_raspberry-pi-osexerciseslesson043avenitosrcprintf.c_ui2a_Final.c, 10, 2
extr_linuxfsqnx6dir.c_qnx6_lfile_checksum_Final.c, 4, 0
extr_linuxtoolstestingselftestsvmuserfaultfd.c_my_bcmp_Final.c, 5, 1
extr_linuxdriversnethamradiomkiss.c_kiss_esc_Final.c, 6, 2
extr_reactosmodulesrosappsapplicationsdevutilscdmakecdmake.c_edit_with_commas_Final.c, 8, 1
extr_Mirai-Source-Codemiraibotkiller.c_mem_exists_Final.c, 7, 2
extr_linuxdriversiiocommonms_sensorsms_sensors_i2c.c_ms_sensors_crc_valid_Final.c, 4, 1
extr_emscriptensystemliblibcmuslsrcnetworkgetnameinfo.c_itoa_Final.c, 3, 0
extr_obs-studiolibobsgraphicsgraphics.h_gs_get_total_levels_Final.c, 0, 0
extr_linuxdriversnetethernetintelixgbeixgbe_common.c_ixgbe_calculate_checksum_Final.c, 5, 0
extr_linuxdriversmtdteststorturetest.c_countdiffs_Final.c, 6, 1
extr_linuxarchpowerpcplatformspowermacfeature.c_macio_find_Final.c, 5, 1
extr_disquedepshiredishiredis.c_intlen_Final.c, 4, 1
extr_nodemcu-firmwareappuzlibuzlib_inflate.c_build_bits_base_Final.c, 0, 0
extr_linuxdriversvideofbdevmatroxmatroxfb_accel.c_matrox_cfb4_pal_Final.c, 3, 0
extr_linuxdriversmediarcwinbond-cir.c_wbcir_to_rc6cells_Final.c, 4, 1
extr_FFmpeglibavcodecsnow_dwt.c_vertical_compose97iH1_Final.c, 4, 0
extr_linuxdriversnetwirelessbroadcombrcm80211brcmsmacdma.c_dma_align_sizetobits_Final.c, 4, 0
extr_FFmpeglibavcodecac3enc.c_ff_ac3_adjust_frame_size_Final.c, 5, 0
extr_micropythonliboofatfsff.c_f_setcp_Final.c, 6, 1
extr_obs-studiodepslibcaptionsrcmpeg.c__find_emulated_Final.c, 5, 1
extr_FFmpeglibavcodecintrax8dsp.c_spatial_compensation_3_Final.c, 5, 0
extr_reactosbootfreeldrfreeldrlibinifileparse.c_IniGetSettingValueSize_Final.c, 8, 3
extr_FFmpeglibavformatmatroskaenc.c_ebml_num_size_Final.c, 4, 0
extr_FFmpeglibavcodecsbrdsp_template.c_sbr_sum64x5_c_Final.c, 3, 0
extr_linuxfsubifslpt.c_calc_nnode_num_Final.c, 4, 0
extr_raspberry-pi-osexerciseslesson023rssrcprintf.c_ui2a_Final.c, 10, 2
extr_linuxdriverseisaeisa-bus.c_is_forced_dev_Final.c, 4, 1
extr_disquesrcdict.c_rev_Final.c, 4, 0
extr_darwin-xnuosfmkdevicesubrs.c_itoa_Final.c, 7, 1
extr_Craftsrcmatrix.c_mat_vec_multiply_Final.c, 5, 0
extr_FFmpeglibavcodecsbrdsp_fixed.c_sbr_neg_odd_64_c_Final.c, 3, 0
extr_FFmpeglibavcodectwinvq.c_interpolate_Final.c, 4, 0
extr_labq3map2libsmathlibmathlib.c_AddPointToBounds_Final.c, 5, 2
extr_labenginecodeuiui_shared.c_LerpColor_Final.c, 6, 0
extr_linuxnetipv4tcp.c_retrans_to_secs_Final.c, 4, 1
extr_linuxnetncsincsi-cmd.c_ncsi_calculate_checksum_Final.c, 4, 0
extr_linuxlibrational.c_rational_best_approximation_Final.c, 7, 0
extr_nginxsrccorengx_string.c_ngx_strncasecmp_Final.c, 0, 0
extr_openpilotpandaboarddriversgmlan_alt.h_do_bitstuff_Final.c, 0, 0
extr_reactosdllwin32oleaut32typelib.c_hash_guid_Final.c, 3, 0
extr_linuxdriversstagingrtl8712rtl871x_security.c_xor_32_Final.c, 3, 0
extr_FFmpeglibavcodecsbrdsp.c_sbr_qmf_pre_shuffle_c_Final.c, 3, 0
extr_linuxdriversstagingrtl8723bscorertw_mlme.c_rtw_restruct_wmm_ie_Final.c, 5, 1
extr_raspberry-pi-osexerciseslesson021rssrcprintf.c_ui2a_Final.c, 10, 2
extr_raspberry-pi-ossrclesson03srcprintf.c_ui2a_Final.c, 10, 2
extr_linuxdriversstagingrtlwifihalmachalmac_88xxhalmac_func_88xx.c_halmac_check_efuse_enough_88xx_Final.c, 17, 0
extr_raspberry-pi-osexerciseslesson031H-4ND-Hsrcprintf.c_ui2a_Final.c, 10, 2
extr_linuxdriversmediai2cad9389b.c_edid_block_verify_crc_Final.c, 3, 0
extr_linuxdriversusbhostdwc_otgdwc_otg_cil.c_calc_num_out_eps_Final.c, 4, 0
extr_kphp-kdbvkextcrc32.c_gf32_matrix_times_Final.c, 6, 0
extr_linuxkernelcgroupcgroup-v1.c_pidlist_uniq_Final.c, 6, 1
extr_FFmpeglibavfiltervf_pp7.c_dctA_c_Final.c, 3, 0
extr_linuxdriversvideofbdevi810i810_main.c_i810_calc_dclk_Final.c, 14, 2
extr_raspberry-pi-osexerciseslesson031bl4ckout31srcprintf.c_ui2a_Final.c, 10, 2
extr_redisdepshiredisread.c_seekNewline_Final.c, 6, 1
extr_kphp-kdbutilreplicator.c_convert_md5_to_hex_Final.c, 3, 0
extr_mpvdemuxdemux_mkv.c_aac_get_sample_rate_index_Final.c, 3, 0
extr_labenginecodeqcommoncm_patch.c_CM_SignbitsForNormal_Final.c, 3, 2
extr_emscriptentestsopenjpegcodecconvert.c_int_floorlog2_Final.c, 4, 0
extr_linuxdriversmediai2cadv7511.c_hdmi_infoframe_checksum_Final.c, 4, 0
extr_redissrcdict.c_rev_Final.c, 4, 0
extr_raspberry-pi-osexerciseslesson023bl4ckout31srcprintf.c_ui2a_Final.c, 10, 2
extr_linuxdriversiiohumiditydht11.c_dht11_decode_byte_Final.c, 5, 0
extr_php-srcextstandardcrypt_freesec.c_setup_salt_Final.c, 7, 0
extr_nodemcu-firmwareappmodulesam2320.c_crc16_Final.c, 8, 0
extr_ccvlib3rdpartysqlite3sqlite3.c_sqlite3Pow10_Final.c, 6, 0
extr_nodemcu-firmwareappmodulesbme280.c_ln_Final.c, 0, 0
extr_ccvlib3rdpartykissfftkissf_fft.c_kissf_fft_next_fast_size_Final.c, 11, 0
extr_emscriptentestsbox2dfreeglutfreeglut_joystick.c_fghJoystickRawRead_Final.c, 7, 0
extr_linuxdriversmediaplatforms3c-camifcamif-core.c_camif_get_scaler_factor_Final.c, 5, 2
extr_radare2librasmarchcrisgnucris-dis.c_number_of_bits_Final.c, 4, 0
extr_obs-studiotesttest-inputsync-async-source.c_fill_texture_Final.c, 5, 0
extr_reactossdklibfslibext2libMke2fs.c_int_log2_Final.c, 4, 0
extr_FFmpeglibavcodecffwavesynth.c_lcg_seek_Final.c, 6, 1
extr_FFmpeglibavcodectruemotion2.c_tm2_high_chroma_Final.c, 1, 0
extr_linuxdriversnetethernetfreescaledpaadpaa_eth.c_bpool_buffer_raw_size_Final.c, 4, 0
extr_linuxdriversscsiscsi_scan.c_scsi_sanitize_inquiry_string_Final.c, 9, 1
extr_FFmpeglibavcodecintrax8dsp.c_spatial_compensation_7_Final.c, 8, 0
extr_FFmpeglibavcodecintrax8dsp.c_spatial_compensation_8_Final.c, 5, 0
extr_linuxsoundfirewirecmp.c_get_overhead_id_Final.c, 4, 1
extr_linuxdriversmediaplatformvividvivid-vbi-gen.c_cc_insert_Final.c, 3, 0
extr_linuxtoolsperfutilintel-pt-decoderintel-pt-decoder.c_intel_pt_lower_power_of_2_Final.c, 4, 0
extr_linuxdriversstagingmostdim2hal.c_dbr_get_mask_size_Final.c, 4, 1
extr_linuxdriversstagingrtl8188eucorertw_security.c_construct_mic_header2_Final.c, 10, 2
extr_stbtools..stb.h_stb_matchlen_Final.c, 0, 0
extr_linuxarchx86kvmx86.c_kvm_vcpu_check_hw_bp_Final.c, 7, 2
extr_linuxdriversvideofbdevpm2fb.c_pm2v_mnp_Final.c, 11, 2
extr_libgit2srcxdiffxutils.c_xdl_bogosqrt_Final.c, 4, 0
extr_FFmpeglibavcodectakdsp.c_decorrelate_ls_Final.c, 4, 0
extr_reactosdlldirectxwined3dx9_36preshader.c_pres_dot_Final.c, 4, 0
extr_hashcatsrcshared.c_get_msb32_Final.c, 4, 1
extr_raspberry-pi-ossrclesson06srcprintf.c_ui2a_Final.c, 10, 2
extr_reactosdllwin32iphlpapiicmp.c_in_cksum_Final.c, 0, 0
extr_micropythonportsstm32usbhostClassMTPSrcusbh_mtp_ptp.c_PTP_GetString_Final.c, 4, 0
extr_ccvlibccv_output.c_ccv_cli_output_level_and_above_Final.c, 7, 0
extr_linuxdriversstagingrtl8188eucorertw_security.c_construct_mic_iv_Final.c, 9, 2
extr_skynetskynet-srcskynet_server.c_id_to_hex_Final.c, 3, 0
extr_FFmpeglibavcodecsbrdsp.c_sbr_neg_odd_64_c_Final.c, 3, 0
extr_nodemcu-firmwareappsqlite3sqlite3.c_btreeHeapInsert_Final.c, 5, 0
extr_labenginecodeq3_uiui_atoms.c_UI_LerpColor_Final.c, 6, 0
extr_FFmpeglibavcodecsnow_dwt.c_vertical_decompose97iL0_Final.c, 4, 0
extr_FFmpeglibavcodecsanm.c_fill_frame_Final.c, 4, 0
extr_FFmpeglibavfiltervsrc_mptestsrc.c_mv_test_Final.c, 6, 0
extr_linuxdriversusbhostdwc_otgdwc_otg_cil.c_calc_num_in_eps_Final.c, 6, 0
extr_darwin-xnubsdnetkeykey.c_key_bbcmp_Final.c, 7, 3
extr_php-srcexthashhash_ripemd.c_RIPEMDEncode_Final.c, 4, 1
extr_reactosdllwin32windowscodecsungif.c_BitSize_Final.c, 4, 0
extr_torch7libTHvectorNEON.c_THFloatVector_fill_NEON_Final.c, 7, 0
extr_linuxdriversmediadvb-frontendsdrxk_hard.c_Frac28a_Final.c, 4, 1
extr_nodemcu-firmwareappfatfsffunicode.c_ff_wtoupper_Final.c, 9, 2
extr_reactosdll3rdpartylibtifftif_swab.c_TIFFSwabArrayOfTriples_Final.c, 4, 0
extr_linuxdriversnetwirelessrealtekrtl8192cucorertw_security.c_bitwise_xor_Final.c, 3, 0
extr_linuxlibbtree.c_longset_Final.c, 4, 0
extr_linuxdriversclksunxi-ngccu_mp.c_ccu_mp_find_best_Final.c, 9, 0
extr_FFmpeglibavcodecopusdsp.c_deemphasis_c_Final.c, 4, 0
