filename,int-bounds,big-arr,big-arr-10x
extr_cx25821-medusa-video.c_convert_to_twos.c,0,1,2
extr_stb0899_algo.c_Log2Int.c,0,1,2
extr_gx-suspmod.c_gx_validate_speed.c,0,1,2
extr_blas.c_l1_cpu.c,,0,1
extr_cavsdsp.c_loop_filter_c2.c,0,1,2
extr_athrd.c_ar5212GetLowerUpperValues.c,,0,1
extr_errno-util.h_errno_or_else.c,0,1,2
extr_sun4i_hdmi_ddc_clk.c_sun4i_ddc_calc_divider.c,0,1,2
extr_phy_cmn.c_wlc_phy_nbits.c,0,1,2
extr_g_weapon.c_SnapVectorTowards.c,,0,1
extr_clock.c_approximate.c,0,1,2
extr_cursor.c_apply_mapping_from_coord.c,0,1,2
extr_leds-tca6507.c_choose_times.c,0,1,2
extr_am335x_lcd.c_am335x_lcd_calc_divisor.c,0,1,2
extr_apr_snprintf.c_apr_cvt.c,0,1,2
extr_map.c_PlaneTypeForNormal.c,,0,1
extr_stubs.c_fabsf.c,0,1,2
extr_lambda.h_gcd.c,0,1,2
extr_af_silenceremove.c_compute_peak.c,0,1,2
extr_tda7419.c_tda7419_vol_put_value.c,0,1,2
extr_s_scalbln.c_scalbln.c,0,1,2
extr_stubs.c_ldexpf.c,0,1,2
extr_ledtrig-pattern.c_pattern_trig_compute_brightness.c,0,1,2
extr_nightmare.c_abs_mean.c,,0,1
extr_stb_image.h_stbi__paeth.c,0,1,2
extr_hw_queue.c_queue_free_slots.c,0,1,2
extr_vorbisdec.c_vorbisfloat2float.c,0,1,2
extr_copysignf.c_copysignf.c,0,1,2
extr_tilcdc_crtc.c_tilcdc_pclk_diff.c,0,1,
extr_hid-speedlink.c_speedlink_event.c,0,1,2
extr_error.c_nl_syserr2nlerr.c,0,1,2
extr_map.c_PlaneEqual.c,0,1,2
extr_2xbr.c_eq8.c,0,1,2
extr_sharedbook.c__float32_unpack.c,0,1,2
extr_menu_animation.c_easing_in_out_quad.c,0,1,2
extr_stubs.c_frexpf.c,0,1,2
extr_mt76x02_dfs.c_mt76x02_dfs_get_multiple.c,0,1,2
extr_gpuutils.h_mp_rect_f_seq.c,0,1,2
extr_video.c_double_seq.c,0,1,2
extr_unwind.c_get_frame_size.c,0,1,2
extr_r88e_calib.c_r88e_iq_calib_compare_results.c,0,1,2
extr_ldexp.c_ldexp.c,0,1,2
extr_cache-data.c_get_acounter_id_by_t.c,0,1,2
extr_envelope.c_outgoing.c,0,1,2
extr_intel_display.c_intel_fuzzy_clock_check.c,0,1,2
extr_filter_kernels.c_triangle.c,0,1,2
extr_tetrahedron.c_TH_PlaneTypeForNormal.c,,0,1
extr_me_cmp.c_pix_abs16_c.c,,0,
extr_stb_image.h_stbi__hdr_convert.c,,0,1
extr_clk-multiplier.c___is_best_rate.c,0,1,2
extr_menu_animation.c_easing_in_quad.c,0,1,2
extr_clk.c_mux_is_better_rate.c,0,1,2
extr_cavs.c_get_bs.c,0,1,2
extr_w9966.c_w9966_findlen.c,0,1,2
extr_envelope.c_incoming.c,0,1,2
extr_ffplay.c_vp_duration.c,0,1,2
extr_ov772x.c_ov772x_select_win.c,0,1,2
extr_convolutional_layer.c_binarize_input.c,,0,1
extr_value.c_strm_float_value.c,0,1,2
extr_weights-data.c_weights_counters_is_zero.c,0,1,2
extr_vf_signalstats.c_filter_tout_outlier.c,0,1,2
extr_clk-half-divider.c__is_best_half_div.c,0,1,2
extr_storage-data.c_cmp_amortization_read_fails.c,0,1,2
extr_blas.c_smooth_l1_cpu.c,,0,1
extr_ar9003_calib.c_ar9003_hw_find_mag_approx.c,0,1,2
extr_arcturus_ppt.c_arcturus_freqs_in_same_level.c,0,1,2
extr_cavsdsp.c_loop_filter_l2.c,0,1,2
extr_cpu-freq.c_closer.c,0,1,2
extr_riva_hw.c_nv3_iterate.c,0,,
extr_convolutional_layer.c_binarize_weights.c,,0,1
extr_stb_vorbis.c_float32_unpack.c,0,1,2
extr_sccnxp.c_sccnxp_update_best_err.c,0,1,2
extr_mathlib.c_VectorCompare.c,0,1,2
extr_psy.c_flag_lossless.c,,0,1
extr_l_math.c_VectorCompare.c,0,1,2
extr_tetrahedron.c_TH_PlaneEqual.c,0,1,2
extr_aas_store.c_AAS_PlaneTypeForNormal.c,0,1,2
extr_ff_ffplay.c_vp_duration.c,0,1,2
extr_stubs.c_modfl.c,0,1,2
extr_mesh.c_IterationsForCurve.c,0,1,2
extr_..stb.h_stb_float_eq.c,0,1,2
extr_ar9300_reset.c_ar9300_find_mag_approx.c,0,1,2
extr_2xbr.c_df8.c,0,1,2
extr_cgroup_util.h_values_close.c,0,1,2
extr_surface.c_VectorCompareExt.c,,0,1
extr_s3c24xx-cpufreq.c_closer.c,0,1,2
extr_clkgen-pll.c_clk_pll3200c32_get_params.c,0,1,2
extr_ar9003_calib.c_ar9003_hw_detect_outlier.c,,0,1
extr_stb_image.c_paeth.c,0,1,2
extr_me_cmp.c_pix_abs8_c.c,,0,1
extr_tr_image_png.c_PredictPaeth.c,0,1,2
extr_stb_image.c_hdr_convert.c,,0,1
extr_if_bwn_phy_lp.c_bwn_nbits.c,0,1,2
extr_hw.c_viafb_get_refresh.c,0,1,2
extr_utils.h_mp_rect_f_seq.c,0,1,2
extr_stubs.c_modff.c,0,1,2
extr_clk-divider.c__is_best_div.c,0,1,2
extr_clk-h8s2678.c_pll_round_rate.c,0,1,2
