filename,staticO0,dynamicO0,staticO1,dynamicO1,staticOz,dynamicOz,staticO2,dynamicO2,output_O0,output_O1,output_O2,output_Oz
extr_labthird_partymdmd4c.c_Encode.c,60,3276,23,716,19,777,23,716,,,,
extr_labenginecodeqcommoncm_patch.c_CM_Subdivide.c,50,130,21,49,21,53,38,38,,,,
extr_darwin-xnubsdnfsnfs_node.c_nfs_node_sort4.c,103,184,53,100,51,102,68,68,,,,
extr_linuxtoolstestingselftestsvmthuge-gen.c_ilog2.c,17,93,13,53,13,53,13,53,8,8,8,8
extr_kittykittenschoosescore.c_has_char.c,23,3328,20,1541,14,1541,20,1541,0,0,0,0
extr_stbtestsprereleasestb_lib.h_stb_adler32.c,129,2250,84,714,59,762,119,731,-1150258117,-1150258117,-1150258117,-1150258117
extr_tenginesrchttpmodulesngx_http_log_module.c_ngx_http_log_copy_short.c,31,8163,19,3843,14,3362,38,1822,,,,
extr_darknetsrcstb_image_write.h_stbiw__crc32.c,28,4603,20,2052,18,2306,35,1673,3535417117,3535417117,3535417117,3535417117
extr_darknetsrcutils.c_top_k.c,62,1410101,52,620006,36,751314,71,521889,,,,
extr_h2odepshiredisread.c_seekNewline.c,39,4601,27,1292,27,1800,28,1546,,,,
extr_linuxdriversmediadvb-frontendsmxl5xx.c_convert_endian.c,131,4786,37,533,27,463,32,404,,,,
extr_linuxdriversstagingrtl8188eucorertw_security.c_xor_128.c,23,250,12,102,12,119,52,52,,,,
extr_FFmpeglibavresampleresample.c_bessel.c,39,555,25,349,26,408,25,349,inf,inf,inf,inf
extr_redissrcsds.c_sdsull2str.c,56,95,39,69,28,50,29,55,3,3,3,3
extr_reactosdllwin32usp10bidi.c_reverse.c,31,3061,20,1154,16,1152,20,1154,,,,
extr_darknetsrcgemm.c_gemm_tn.c,62,349512453,59,116982299,51,133498647,181,28942047,,,,
extr_linuxdriversnetwirelessrealtekrtl8192cucorertw_security.c_construct_ctr_preload.c,83,364,42,92,47,193,52,52,,,,
extr_linuxdriversstagingrtl8192uieee80211ieee80211_crypt_ccmp.c_xor_block.c,22,3581,13,1283,11,1537,85,361,,,,
extr_reactosdllwin32iphlpapiicmp.c_in_cksum.c,47,1687,26,782,22,780,98,186,-35320,-35320,-35320,-35320
extr_linuxdriversmediai2cir-kbd-i2c.c_copy_codes.c,43,6644,24,3326,21,3579,105,1017,,,,
extr_Craftsrcmatrix.c_mat_vec_multiply.c,52,433,23,140,27,186,26,26,,,,
extr_labenginecoderenderergl2tr_extramath.c_NextPowerOfTwo.c,15,74,10,42,9,41,10,42,256,256,256,256
extr_reactosmodulesrosappslibvfdlibvfdfat.c_SelectDosBpb.c,23,191,12,67,12,80,9,9,,,,
extr_linuxsoundsocfslfsl_asrc.c_fsl_asrc_cal_asrck_divisor.c,21,59,20,40,15,37,20,40,7,7,7,7
extr_h2odepspicotlsdepscifrasrccurve25519.tweetnacl.c_car25519.c,53,760,30,360,28,345,30,360,,,,
extr_linuxdriversblockaoeaoecmd.c_ata_ident_fixstring.c,26,5112,18,2558,15,2811,80,518,,,,
extr_linuxdriversnetwirelessrealtekrtlwifirtl8192eephy.c__phy_convert_txpower_dbm_to_relative_value.c,37,105,27,63,27,68,29,29,,,,
extr_linuxsamplesbpftracex2_user.c_stars.c,43,6888,29,1545,27,2053,32,1548,,,,
extr_linuxdriversstagingrtl8188eucorertw_security.c_xor_32.c,23,70,12,30,12,35,16,16,,,,
extr_darknetsrcblas.c_axpy_cpu.c,30,4859,20,2052,20,2308,64,1576,,,,
extr_kphp-kdbstatsxstatsx-data.c_serialize_list2_raw.c,36,8694,24,2569,22,3078,92,402,,,,
extr_darwin-xnuteststurnstile_multihop.c_do_work.c,38,2922205,29,1952436,26,1950570,29,1952436,,,,
extr_labenginecodebotlibbe_aas_file.c_AAS_DData.c,22,3835,14,1284,14,1540,95,257,,,,
extr_linuxnetax25ax25_subr.c_ax25_validate_nr.c,35,400,22,202,21,223,22,202,0,0,0,0
extr_tenginesrccorengx_string.c_ngx_strncasecmp.c,61,10141,33,6129,34,6132,33,6129,a,a,a,a
extr_nginxsrccorengx_string.c_ngx_cpystrn.c,35,5100,21,1792,20,2046,21,1792,,,,
extr_raspberry-pi-osexerciseslesson043avenitosrcprintf.c_ui2a.c,62,107,54,74,52,83,52,72,,,,
extr_reactoswin32ssprintingbasewinspooldevmode.c__FixStringW.c,28,644,17,324,14,324,17,324,,,,
extr_Craftsrccube.c_make_cube_wireframe.c,60,1166,23,414,24,463,23,414,,,,
extr_linuxdriversnetethernetbroadcomtg3.c_calc_crc.c,45,39701,26,17862,26,20413,64,13272,v,v,v,v
extr_reactossdklib3rdpartyadnsclientadh-query.c_check_status.c,29,113,17,52,17,59,30,30,,,,
extr_php-srcZendzend_bitset.h_zend_bitset_union_with_intersection.c,30,5113,15,1793,13,2047,120,520,,,,
extr_linuxdriversblockamiflop.c_decode.c,49,1537,20,578,21,579,103,341,78255104,78255104,78255104,78255104
extr_linuxdriversstagingrtl8723bscorertw_security.c_bitwise_xor.c,23,250,12,102,12,119,52,52,,,,
extr_linuxdriversmediapcibt8xxdst.c_dst_check_sum.c,27,3078,14,1030,14,1286,71,223,-29841555,-29841555,-29841555,-29841555
extr_FFmpeglibavfiltervf_pp7.c_dctA_c.c,89,334,62,137,61,141,107,107,,,,
extr_gitshallow.c_update_refstatus.c,36,5658,22,2422,19,2618,22,2422,,,,
extr_micropythonliboofatfsff.c_f_setcp.c,33,383,19,133,15,131,19,19,0,0,0,0
extr_hashcatsrcwordlist.c_get_next_word_std.c,32,3845,17,1287,17,1543,17,1287,,,,
extr_radare2libranalpanal_x86_cs.c_cs_len_prefix_opcode.c,23,70,12,27,12,32,13,13,4,4,4,4
extr_php-srcexthashhash_haval.c_Encode.c,60,3276,23,716,19,777,23,716,,,,
extr_linuxdriversvideofbdevpm2fb.c_pm2v_mnp.c,82,1082458,55,597563,57,630079,63,452403,,,,
extr_labq3map2libsmathlibmathlib.c_AddPointToBounds.c,29,73,14,30,14,34,19,19,,,,
extr_linuxcryptoansi_cprng.c_xor_vectors.c,27,4602,15,1539,13,1793,119,181,,,,
extr_labq3map2libspicomodelpicointernal.c__pico_zero_bounds.c,19,45,11,21,11,25,10,10,,,,
extr_FFmpeglibavcodecsnow_dwt.c_vertical_decompose97iL0.c,39,7662,30,5364,26,4346,100,1878,,,,
extr_FFmpeglibavresampledither.c_dither_int_to_float_rectangular_c.c,23,3836,19,2051,16,2050,101,751,,,,
extr_stbtools..stb.h_stb_crc32_block.c,63,40964,40,20487,39,23049,94,4882,252192660,252192660,252192660,252192660
extr_numpynumpycoresrcmultiarraydatetime_busday.c_find_earliest_holiday_after.c,44,425,25,237,23,196,25,237,,,,
extr_kphp-kdbtexttext-data.c_reverse_list.c,36,3695,23,1157,19,1282,41,971,,,,
extr_openpilotphonelibsnanovgnanovg.c_nvg__polyReverse.c,34,3061,20,1154,16,1152,20,1154,,,,
extr_FFmpeglibavcodecintrax8dsp.c_spatial_compensation_4.c,42,1474,30,1024,29,1097,67,452,,,,
extr_nginxsrccorengx_string.c_ngx_strncasecmp.c,61,10141,33,6129,34,6132,33,6129,a,a,a,a
extr_linuxsecuritytomoyocommon.h_tomoyo_round2.c,19,29,12,20,12,20,12,20,256,256,256,256
extr_The-Art-Of-Programming-By-Julyebookcodec10.1.3：教你一步一步用c语言实现sift算法、下.c_AverageWeakBins.c,65,19415,43,10730,35,8693,62,9698,,,,
extr_linuxsoundisawavefrontwavefront_synth.c_munge_buf.c,39,3444,25,1285,18,1406,38,1030,,,,
extr_linuxdriversmediaplatformqcomcamsscamss-csid.c_csid_find_code.c,31,4098,23,1801,19,2053,21,1799,479,479,479,479
extr_linuxdriversscsich.c_ch_check_voltag.c,36,935,20,443,18,328,28,251,,,,
extr_radare2librhashmd5.c_Encode.c,60,3276,28,910,24,1097,28,910,,,,
extr_masscansrcrand-lcg.c_count_digits.c,18,42,18,38,14,28,18,38,3,3,3,3
extr_raspberry-pi-osexerciseslesson032H-4ND-Hsrcprintf.c_ui2a.c,62,107,54,74,52,83,52,72,,,,
extr_raspberry-pi-osexerciseslesson031xdfm1srcprintf.c_ui2a.c,62,107,54,74,52,83,52,72,,,,
extr_FFmpeglibavcodectakdsp.c_decorrelate_ls.c,28,5111,14,1284,13,1539,70,650,,,,
extr_linuxdrivershidhid-core.c___implement.c,72,1099,48,575,49,641,59,329,,,,
extr_redisdepshiredissds.c_sdsll2str.c,64,103,42,68,34,54,42,68,3,3,3,3
extr_linuxdriversmiscaltera-staplaltera-jtag.c_altera_extract_target_data.c,62,8944,36,5619,37,5876,36,5619,,,,
extr_darknetsrcstb_image_write.h_stbiw__zlib_countm.c,34,6138,19,1543,15,2303,19,1543,255,255,255,255
extr_linuxdriversinputjoysticksidewinder.c_sw_check.c,28,41,24,32,19,29,24,32,14,14,14,14
extr_torch7libTHTHHalf.c_TH_halfbits2float.c,55,69,30,35,27,31,30,35,,,,
extr_linuxdriversnetwirelessrealtekrtlwifirtl8821aephy.c__phy_convert_txpower_dbm_to_relative_value.c,36,104,27,63,27,68,29,29,,,,
extr_BGAQRCode-Androidzbarsrcmainjnizbarqrcodeutil.c_qr_isqrt.c,35,347,22,202,22,234,35,194,15,15,15,15
extr_reactosdllopenglmesaimage.c_gl_swap2.c,27,5110,18,2558,16,2812,83,577,,,,
extr_linuxsoundpciaw2aw2-saa7146.c_snd_aw2_saa7146_get_limit.c,18,41,15,23,11,23,15,23,3,3,3,3
extr_linuxdriversvideofbdevi810i810_main.c_i810_calc_dclk.c,115,58065,87,42262,86,42263,88,42263,,,,
extr_disquedepshiredissds.c_sdsll2str.c,64,103,42,68,34,54,42,68,3,3,3,3
extr_darknetsrcblas.c_scal_cpu.c,23,3582,17,1541,16,1796,65,1009,,,,
extr_labenginecodeuiui_shared.c_LerpColor.c,53,153,23,65,23,70,50,50,,,,
extr_mpvsubsd_lavc.c_convert_pal.c,76,17351,53,9705,64,11496,126,3740,,,,
extr_nginxsrccorengx_string.c_ngx_rstrncmp.c,28,3326,13,1283,12,1282,13,1283,0,0,0,0
extr_linuxdriverstargetiscsiiscsi_target_nego.c_convert_null_to_semi.c,20,3325,14,1284,13,1539,98,1246,,,,
extr_FFmpeglibavcodecsnowenc.c_pix_sum.c,41,979979,29,262919,29,392463,91,131613,-833344235,-833344235,-833344235,-833344235
extr_Arduinotestsdevicetest_libcmemmove1.c_mymemmove.c,32,4356,15,1285,13,1539,106,160,,,,
extr_php-srcexthashhash_ripemd.c_RIPEMDEncode.c,62,3404,23,716,19,777,23,716,,,,
extr_kphp-kdbcommoncrc32.c_gf32_matrix_times.c,25,146,17,87,13,71,17,87,109798,109798,109798,109798
extr_linuxdriversisdnhardwareeiconmessage.c_ie_compare.c,35,9143,25,2899,22,3377,28,3376,1,1,1,1
extr_linuxdriversclksunxi-ngccu_mp.c_ccu_mp_find_best.c,60,51125,59,36845,52,40892,64,42988,,,,
extr_linuxdriversusbhostdwc_otgdwc_otg_cil.c_calc_num_in_eps.c,45,4499,24,1858,23,2121,53,1347,262,262,262,262
extr_reactosdllwin32versionversion.c_push_language.c,32,3337,18,1288,18,1544,18,1288,256,256,256,256
extr_linuxdriversnetethernetmarvellmv643xx_eth.c_addr_crc.c,43,962,28,595,27,645,51,266,66,66,66,66
extr_wcdbandroidsqlciphersqlite3.c_btreeHeapPull.c,72,95,38,47,35,47,37,45,1,1,1,1
extr_linuxtoolsperfpmu-eventsjson.c_countchar.c,25,3584,17,1795,16,2050,88,508,0,0,0,0
extr_reactosmodulesrosappsapplicationsnetdhcpdsrcutilsmacutils.c_maccpy.c,20,202,12,87,12,104,37,37,0,0,0,0
extr_disquesrcdict.c_rev.c,32,157,24,99,23,105,24,24,18374686479671623680,18374686479671623680,18374686479671623680,18374686479671623680
extr_linuxdriversvideofbdevnvidianv_hw.c_CalcVClock.c,30,84,37,69,37,75,37,69,,,,
extr_reactosmodulesrosappsapplicationsnettsclientrdesktopxwin.c_calculate_mask_weight.c,16,79,14,63,13,62,14,63,8,8,8,8
extr_linuxdriversvideofbdevpm3fb.c_pm3fb_calculate_clock.c,68,9756326,45,5528673,47,5984361,92,4163152,,,,
extr_FFmpeglibavcodectwinvq.c_interpolate.c,30,3589,18,1288,17,1543,41,733,,,,
extr_linuxdriverss390netqeth_l3_main.c_qeth_l3_convert_addr_to_bits.c,38,38516,22,14034,28,19138,45,8681,,,,
extr_linuxdriversnetwirelessrealtekrtl8192cucorertw_ieee80211.c_rtw_get_ie.c,40,61,22,32,21,31,22,32,,,,
extr_FFmpeglibavcodecilbcdec.c_index_conv.c,30,56,19,32,19,34,22,22,,,,
extr_linuxdriversnfcst21nfcai2c.c_get_frame_size.c,38,4853,21,1286,19,1539,24,1538,255,255,255,255
extr_linuxtoolsperfutilevsel.c___perf_evsel__sample_size.c,29,976,14,329,14,394,26,281,0,0,0,0
extr_linuxsoundpciemu10k1io.c_snd_emu10k1_rate_to_pitch.c,44,167,27,92,25,92,50,50,6756595,6756595,6756595,6756595
extr_reactosdllopenglmesateximage.c_logbase2.c,26,99,20,48,16,53,20,48,-1,-1,-1,-1
extr_raspberry-pi-osexerciseslesson022rssrcprintf.c_ui2a.c,62,107,54,74,52,83,52,72,,,,
extr_linuxdriversusbgadgetfunctionu_audio.h_num_channels.c,17,89,16,65,12,63,16,65,8,8,8,8
extr_labenginecodeqcommonq_math.c_Q_log2.c,16,75,13,37,10,42,13,37,7,7,7,7
extr_FFmpeglibavfilteraf_afftdn.c_solve.c,105,1435893,93,494455,76,589827,165,390421,,,,
extr_linuxdriversmediadvb-frontendsdrx39xyjdrxj.c_frac28.c,45,173,28,88,28,113,64,64,268435456,268435456,268435456,268435456
extr_linuxsoundsynthemuxsoundfont.c_calc_parm_search.c,31,140,23,92,21,101,23,92,17,17,17,17
extr_linuxdriversmediaplatformvividvivid-vbi-gen.c_calc_parity.c,32,136,18,60,18,68,31,31,255,255,255,255
extr_reactossdklibfslibext2libMke2fs.c_int_log2.c,19,75,13,37,10,42,13,37,7,7,7,7
extr_tenginesrccorengx_string.c_ngx_cpystrn.c,35,5100,21,1792,20,2046,21,1792,,,,
extr_linuxnetncsincsi-cmd.c_ncsi_calculate_checksum.c,32,2448,19,908,16,1034,33,726,-4039638,-4039638,-4039638,-4039638
extr_linuxlibraid6mktables.c_gfmul.c,31,194,24,122,21,121,24,122,21474,21474,21474,21474
extr_linuxdriversclksunxiclk-sun4i-tcon-ch1.c_tcon_ch1_calc_divider.c,62,954,54,666,56,701,56,498,255,255,255,255
extr_h2ot00unitlibhttp2casper.c_get_end_of_cookie_value.c,21,3326,14,1284,12,1538,14,1284,255,255,255,255
extr_FFmpegtestscheckasmvp8dsp.c_wht4x4.c,175,683,54,189,54,202,153,153,,,,
extr_radare2librasmarcharmarmass.c_findyz.c,36,57660,27,42112,16,32390,93,15079,0,0,0,0
extr_linuxdriversmediai2cir-kbd-i2c.c_cmp_no_trail.c,33,4339,19,1792,19,1792,19,1792,0,0,0,0
extr_reactosdllwin32windowscodecsungif.c_BitSize.c,20,99,14,63,14,63,14,63,8,8,8,8
extr_reactosbootfreeldrfreeldrlibinifileparse.c_IniGetSettingValueSize.c,50,4625,33,2573,26,2060,30,2570,1,1,1,1
extr_FFmpeglibavfilteraf_astats.c_bit_depth.c,45,10090,26,3847,22,3848,26,3847,,,,
extr_Arduinotestsdevicetest_libctstring.c_mycopy.c,21,3326,14,1284,13,1539,109,143,,,,
extr_linuxdriversnetslipslip.c_slip_esc.c,49,6913,24,2818,21,3071,45,2439,257,257,257,257
extr_nodemcu-firmwareappmodulesstruct.c_correctbytes.c,37,3193,21,1155,18,1154,21,1155,,,,
extr_reactosmodulesrostestsapitestsgdi32GetFontResourceInfoW.c_ReplaceChars.c,21,3325,14,1538,11,1791,36,792,,,,
extr_masscansrcmain-readrange.c_count_cidr_bits.c,34,802,27,492,24,374,34,355,0,0,0,0
extr_linuxdriverssnioc3.c_crc8_byte.c,38,194,21,105,20,106,77,77,,,,
extr_raspberry-pi-osexerciseslesson052avenitosrcprintf.c_ui2a.c,62,107,54,74,52,83,52,72,,,,
extr_Craftsrcmatrix.c_mat_multiply.c,66,1925,38,590,36,770,121,121,,,,
extr_linuxdriversscsiaic94xxaic94xx_sds.c_asd_calc_flash_chksum.c,22,3584,14,1284,11,1537,78,236,29841555,29841555,29841555,29841555
extr_darknetsrcutils.c_translate_array.c,20,3071,15,1539,14,1794,56,302,,,,
extr_FFmpeglibavfiltervsrc_mptestsrc.c_mv_test.c,50,953482,31,166666,29,199563,53,38414,,,,
extr_linuxdriversgpudrmradeonr200.c_r200_get_vtx_size_0.c,92,248,75,159,75,168,133,133,9,9,9,9
extr_linuxdriversmmchostmtk-sd.c_msdc_dma_calcs.c,22,3073,15,1031,13,1285,71,359,18446744073679710316,18446744073679710316,18446744073679710316,18446744073679710316
extr_redissrchyperloglog.c_hllSigma.c,32,122,19,67,18,66,19,67,inf,inf,inf,inf
extr_os-tutorial19-interrupts-irqskernelutil.c_memory_set.c,21,3071,12,1028,10,1282,67,159,,,,
extr_raspberry-pi-osexerciseslesson044bl4ckout31srcprintf.c_ui2a.c,62,107,54,74,52,83,52,72,,,,
extr_reactosdllwin32windowscodecsconverter.c_rgb_to_palette_index.c,66,12019,47,6651,41,6647,44,6394,3,3,3,3
extr_h2odepspicotlsdepscifrasrccurve25519.naclref.c_squeeze.c,65,1209,31,451,30,514,41,389,,,,
extr_linuxfsubifslpt.c_calc_nnode_num.c,31,5879,18,1796,16,2050,49,1427,255,255,255,255
extr_kphp-kdbstatsxstatsx-data.c_list_add_sub.c,35,1059,17,367,16,424,25,331,,,,
extr_raspberry-pi-osexerciseslesson052bl4ckout31srcprintf.c_ui2a.c,62,107,54,74,52,83,52,72,,,,
extr_obs-studiolibobsaudio-monitoringosx....graphicsgraphics.h_gs_get_total_levels.c,26,94,18,60,12,44,16,46,7,7,7,7
extr_raspberry-pi-osexerciseslesson023rssrcprintf.c_ui2a.c,62,107,54,74,52,83,52,72,,,,
extr_os-tutorial19-interrupts-irqskernelutil.c_memory_copy.c,21,3326,14,1284,13,1539,106,140,,,,
extr_FFmpeglibavcodecdcadec.c_ff_dca_set_channel_layout.c,91,965,45,356,43,388,52,341,8,8,8,8
extr_kphp-kdbtargtarg-data.c_do_llswap.c,43,6904,25,2311,24,2566,47,1937,,,,
extr_raspberry-pi-osexerciseslesson023H-4ND-Hsrcprintf.c_ui2a.c,62,107,54,74,52,83,52,72,,,,
extr_raspberry-pi-osexerciseslesson041rssrcprintf.c_ui2a.c,62,107,54,74,52,83,52,72,,,,
extr_mongooseexamplesapi_serversqlite3.c_estLog.c,20,83,17,41,14,46,17,41,8.000000,8.000000,8.000000,8.000000
extr_FFmpegtestsapiapi-flac-test.c_generate_raw_frame.c,55,1366814,53,459278,39,392976,166,200225,0,0,0,0
extr_linuxnetcephosdmap.c_calc_bits_of.c,16,81,14,49,10,47,14,49,8,8,8,8
extr_linuxdriversinfinibandhwocrdmaocrdma_verbs.c_get_encoded_page_size.c,21,247,14,131,13,130,14,131,17,17,17,17
extr_radare2librutilidpool.c_get_msb.c,30,385,12,154,14,182,14,204,128,128,128,128
extr_linuxdriversinputmousealps.c_alps_get_bitmap_points.c,44,207,26,124,24,129,29,146,,,,
extr_SoftEtherVPNsrcSeeOpenclos.c_PacketItoa.c,33,269,25,187,18,110,172,172,,,,
extr_Mirai-Source-Codemiraibotchecksum.c_checksum_generic.c,40,1680,27,783,23,781,93,233,18446744073709516552,18446744073709516552,18446744073709516552,18446744073709516552
extr_FFmpeglibavcodecexrdsp.c_predictor_scalar.c,23,4074,17,1788,14,2293,51,1360,,,,
extr_linuxdriversmediausbcx231xxcx231xx-video.c_cx231xx_swab.c,36,3322,25,1159,18,1280,99,291,,,,
extr_libgit2srcdiff_stats.c_digits_for_value.c,17,29,15,20,11,18,15,20,3,3,3,3
extr_nodemcu-firmwareappsqlite3sqlite3.c_btreeHeapPull.c,72,95,38,47,35,47,37,45,1,1,1,1
extr_linuxdriversnetethernetbroadcombnx2xbnx2x_reg.h_calc_crc8.c,207,791,256,564,256,615,289,422,34,34,34,34
extr_kphp-kdbvkextcrc32.c_gf32_matrix_times.c,25,146,17,87,13,71,17,87,109798,109798,109798,109798
extr_linuxdriversgpudrmamdamdgpuamdgpu_ring.c_amdgpu_ring_is_blacklisted.c,25,356,16,133,17,185,16,133,1,1,1,1
extr_stbtestscaveviewcave_parse.c_nbt_get_string_data.c,45,6637,24,2301,19,2301,24,2301,,,,
extr_linuxdriversnetethernetintele1000emanage.c_e1000_calculate_checksum.c,26,3077,17,1033,14,1286,72,360,-29841555,-29841555,-29841555,-29841555
extr_linuxdriversnetwirelessathcarl9170phy.c_carl9170_find_freq_idx.c,25,43,18,25,13,25,17,27,251,251,251,251
extr_FFmpeglibavcodecdirac_arith.h_renorm.c,21,104,19,44,12,49,19,44,,,,
extr_raspberry-pi-osexerciseslesson051xdfm1srcprintf.c_ui2a.c,62,107,54,74,52,83,52,72,,,,
extr_hashcatsrcwordlist.c_get_next_word_lm.c,39,174,24,96,24,104,76,76,,,,
extr_stbtools..stb.h_stb_bitset_subset.c,28,4603,18,1796,16,2050,18,1796,1,1,1,1
extr_nodemcu-firmwareappmodulesbme280.c_ln.c,34,244,27,187,25,171,49,49,4.796863,4.796863,4.796863,4.796863
extr_stbtests..stb_ds.h_stbds_log2.c,16,72,14,44,10,42,14,44,7,7,7,7
extr_FFmpeglibavcodecintrax8dsp.c_spatial_compensation_11.c,48,1858,36,1184,41,1263,91,616,,,,
extr_BGAQRCode-Androidzbarsrcmainjnizbardecoderdatabar.c_decode10.c,37,6392,27,3329,19,2307,56,3458,,,,
extr_gitxdiffxutils.c_xdl_num_out.c,70,164,54,101,36,72,46,91,3,3,3,3
extr_h2odepshiredissds.c_sdsll2str.c,64,103,42,68,34,54,42,68,3,3,3,3
extr_linuxdriverscharipmiipmi_msghandler.c_ipmb_checksum.c,25,3583,18,1796,14,2048,42,860,f,f,f,f
extr_reactosmodulesrosappsapplicationsnettsclientrdesktopxclip.c_crlf2lf.c,37,10560,23,5281,21,5761,25,5761,,,,
extr_darknetsrcgemm.c_gemm_nt.c,64,366158853,61,116917785,54,133434134,99,92599979,,,,
extr_linuxdriversnetwirelessrealtekrtl8192cucorertw_security.c_secmicputuint32.c,24,77,12,30,12,35,15,15,,,,
extr_raspberry-pi-osexerciseslesson044avenitosrcprintf.c_ui2a.c,62,107,54,74,52,83,52,72,,,,
extr_linuxdriversstagingrtl8723bscorertw_security.c_xor_128.c,23,250,12,102,12,119,52,52,,,,
extr_masscansrcmain-conf.c_count_cidr_bits.c,34,802,27,492,24,374,34,355,0,0,0,0
extr_darknetsrcblas.c_mul_cpu.c,28,4603,19,1797,19,2053,61,1321,,,,
extr_linuxsecurityselinuxssservices.c_match_ipv6_addrmask.c,32,88,23,42,16,43,22,22,1,1,1,1
extr_os-tutorial22-malloclibcmem.c_memory_set.c,21,3071,12,1028,10,1282,67,159,,,,
extr_nginxsrchttpmodulesngx_http_log_module.c_ngx_http_log_copy_short.c,31,8163,19,3843,14,3362,38,1822,,,,
extr_linuxdriversnetwirelessrealtekrtl8192cucorertw_security.c_xor_128.c,23,250,12,102,12,119,52,52,,,,
extr_FFmpeglibavfiltervf_transpose.c_transpose_block_8_c.c,44,980744,34,392972,30,457742,120,207124,,,,
extr_FFmpeglibavcodecmipsvc1dsp_mmi.c_ff_vc1_v_s_overlap_mmi.c,75,539,47,278,50,290,47,278,,,,
extr_linuxdriversnetwirelessrealtekrtl8192cucorertw_security.c_xor_32.c,23,70,12,30,12,35,16,16,,,,
extr_opensslcryptoideai_skey.c_inverse.c,44,85,32,51,26,44,45,70,32640,32640,32640,32640
extr_linuxdriversstagingrtl8188eucorertw_security.c_bitwise_xor.c,23,250,12,102,12,119,52,52,,,,
extr_FFmpeglibavresampledither.c_dither_highpass_filter.c,38,7855,19,2539,18,2540,41,2291,,,,
extr_FFmpeglibavcodecsnow_dwt.c_vertical_decompose53iL0.c,28,4857,18,2304,17,2559,81,681,,,,
extr_linuxnetdecnetdn_neigh.c_dn_find_slot.c,45,5020,27,2562,27,2768,43,1980,,,,
extr_os-tutorial18-interruptskernelutil.c_memory_copy.c,21,3326,14,1284,13,1539,106,140,,,,
extr_Mirai-Source-Codemiraibotutil.c_util_memsearch.c,40,5622,30,3328,29,3582,30,3328,255,255,255,255
extr_darwin-xnuosfmki386i386_init.c_fillkpt.c,30,5113,20,2052,19,2307,32,1670,,,,
extr_reactosmodulesrosappsapplicationsnetdhcpdsrcutilsmacutils.c_maccmp.c,24,251,16,121,16,138,58,58,-1,-1,-1,-1
extr_wcdbandroidsqlciphersqlite3.c_sqlite3Pow10.c,27,135,21,75,14,67,21,75,1000000000000000405203471749632345419882149767845446218224763610173108155667148144548206983510949786648805142042101637107774405017306152425933592546209857769066644399783611472878653553319548469570575175566489928833096292883906673461747518354468587362582528.000000,1000000000000000405203471749632345419882149767845446218224763610173108155667148144548206983510949786648805142042101637107774405017306152425933592546209857769066644399783611472878653553319548469570575175566489928833096292883906673461747518354468587362582528.000000,1000000000000000405203471749632345419882149767845446218224763610173108155667148144548206983510949786648805142042101637107774405017306152425933592546209857769066644399783611472878653553319548469570575175566489928833096292883906673461747518354468587362582528.000000,1000000000000000405203471749632345419882149767845446218224763610173108155667148144548206983510949786648805142042101637107774405017306152425933592546209857769066644399783611472878653553319548469570575175566489928833096292883906673461747518354468587362582528.000000
extr_hashcatdepsLZMA-SDKCXz.c_Xz_WriteVarInt.c,29,44,19,29,18,28,19,29,2,2,2,2
extr_kphp-kdbutilreplicator.c_convert_md5_to_hex.c,39,491,19,199,19,216,19,199,,,,
extr_darknetexamplesgo.c_flip_board.c,41,12643,17,3257,17,3979,33,825,,,,
extr_linuxlibrational.c_rational_best_approximation.c,66,74,48,58,41,48,47,51,,,,
extr_ccvlib3rdpartykissfftkiss_fft.c_kiss_fft_next_fast_size.c,53,179,56,122,30,98,54,118,256,256,256,256
extr_linuxscriptsmodmodpost.c_next_string.c,23,6714,16,3840,14,3838,14,3838,,,,
extr_reactoswin32ssprintingbasewinspooldevmode.c__FixStringA.c,28,644,17,324,14,324,17,324,,,,
extr_emscriptensystemliblibcmuslsrcnetworkgetnameinfo.c_itoa.c,33,69,23,49,17,35,23,49,,,,
extr_linuxdriversnetethernethuaweihinichinic_hw_eqs.c_eq_cons_idx_checksum_set.c,21,107,15,64,15,73,26,26,0,0,0,0
extr_rufussrcparser.c_make_flagged_int.c,56,106,29,57,26,56,25,25,257,257,257,257
extr_linuxdriversstagingiioadcad7280a.c_ad7280_crc8_build_table.c,35,36616,24,16903,24,19209,86,896,,,,
extr_linuxdriversnetethernetfreescalefmanfman_memac.c_get_mac_addr_hash_code.c,42,766,25,331,25,387,102,102,0,0,0,0
extr_h2odepspicotlsdepscifrasrcpoly1305.c_poly1305_min_reduce.c,62,636,30,240,30,274,138,138,,,,
extr_darwin-xnubsdnetinetin.c_in_socktrim.c,31,57,16,34,15,33,18,18,,,,
extr_gitlog-tree.c_digits_in_number.c,17,29,15,20,11,18,15,20,3,3,3,3
extr_obs-studiolibobsobs-scene.c_mix_audio.c,35,3848,17,1795,14,2048,97,405,,,,
extr_labenginecodebspcl_cmd.c_Q_strncasecmp.c,34,6148,17,2305,21,2309,17,2305,0,0,0,0
extr_linuxsoundsocshrcaradg.c_rsnd_adg_calculate_rbgx.c,29,88,23,59,27,71,15,15,-1,-1,-1,-1
extr_darwin-xnutoolstestsaffinitypool.c_reader_writer_fn.c,19,3070,13,1029,12,1284,55,289,,,,
extr_darknetsrcblas.c_dot_cpu.c,32,4861,20,1798,20,2054,42,1428,-215328357183651840.000000,-215328357183651840.000000,-215328357183651840.000000,-215328357183651840.000000
extr_FFmpeglibavcodectwinvq.h_twinvq_memset_float.c,20,3328,13,1029,11,1283,70,162,,,,
extr_reactosdllwin32rsaenhimplglue.c_reverse_bytes.c,41,4335,22,1156,21,1284,41,971,,,,
extr_hashcatdepsLZMA-SDKCUtil7z7zMain.c_UIntToStr.c,58,2883,53,91,35,1573,59,99,,,,
extr_emscriptentestsnbody-javaxmlvm-number.c_addHighPrecision.c,54,7928,32,3080,29,3077,55,2197,0,0,0,0
extr_linuxdriversvideofbdevcorefbcon_ud.c_ud_update_attr.c,55,375088,50,319520,44,333406,152,125154,,,,
extr_raspberry-pi-osexerciseslesson051avenitosrcprintf.c_ui2a.c,62,107,54,74,52,83,52,72,,,,
extr_reactosmodulesrostestswinetestsuser32win.c_window_to_index.c,27,4348,19,2051,17,2305,19,2051,-1,-1,-1,-1
extr_darknetsrcgemm.c_gemm_nn.c,62,349512453,59,116787735,53,133369109,185,28942813,,,,
extr_raspberry-pi-ossrclesson03srcprintf.c_ui2a.c,62,107,54,74,52,83,52,72,,,,
extr_raspberry-pi-osexerciseslesson023avenitosrcprintf.c_ui2a.c,62,107,54,74,52,83,52,72,,,,
extr_darwin-xnutoolstestsaffinitypool.c_writer_fn.c,18,2815,13,1029,12,1284,83,279,,,,
extr_emscriptentestssqlitespeedtest1.c_roundup_allones.c,15,66,14,38,10,42,14,38,255,255,255,255
extr_linuxdriversstagingrtl8712ieee80211.c_r8712_get_ie.c,40,61,22,32,21,31,22,32,,,,
extr_FFmpeglibavcodecac3enc.c_mul_poly.c,29,171,23,121,20,120,23,121,21845,21845,21845,21845
extr_FFmpeglibavcodecsnow_dwt.c_ff_snow_vertical_compose97i.c,86,18885,50,8940,49,9195,50,8940,,,,
extr_FFmpeglibavfilteraf_afftdn.c_factor.c,78,133074041,70,49812987,60,55372152,117,36800042,,,,
extr_linuxdriversmediausbdvb-usb-v2lmedm04.c_check_sum.c,22,3584,14,1030,12,1284,77,229,29841555,29841555,29841555,29841555
extr_linuxdriversatmiphase.c_cellrate_to_float.c,41,97,32,56,28,66,35,65,20476,20476,20476,20476
extr_FFmpeglibavcodecintrax8dsp.c_spatial_compensation_7.c,69,1906,51,983,54,1067,155,575,,,,
extr_darknetsrcutils.c_sum_array.c,22,3073,14,1030,13,1285,37,391,-4244635648.000000,-4244635648.000000,-4244635648.000000,-4244635648.000000
extr_skynetlualib-srclua-crypt.c_mul_mod_p.c,40,266,33,194,28,177,32,179,65025,65025,65025,65025
extr_masscansrccrypto-blackrock2.c_next_power_of_two.c,21,80,12,47,12,47,12,47,256,256,256,256
extr_linuxdriverspcmciasoc_common.c_calc_speed.c,32,3611,19,1543,17,1797,73,259,,,,
extr_kphp-kdbdhcpdhcp-data.c_dhcp_macaddr_load.c,21,86,14,49,13,48,20,20,246174892636073,246174892636073,246174892636073,246174892636073
extr_darwin-xnubsdnetinet6ip6_id.c_pmod.c,33,175,28,154,23,137,28,154,0,0,0,0
extr_linuxdriversvideofbdevrivariva_hw.c_CalcVClock.c,54,113,49,77,48,82,49,77,0,0,0,0
extr_darknetsrcutils.c_scale_array.c,20,3071,15,1539,14,1794,56,302,,,,
extr_linuxdriversiiolightsi1145.c_si1145_compress.c,57,110,39,69,38,68,39,69,128,128,128,128
extr_raspberry-pi-osexerciseslesson041bl4ckout31srcprintf.c_ui2a.c,62,107,54,74,52,83,52,72,,,,
extr_lua-nginx-modulesrcngx_http_lua_string.c_ngx_http_lua_ngx_escape_sql_str.c,80,10557,43,2601,49,4307,43,2601,77730828,77730828,77730828,77730828
extr_obs-studiolibobsobs-scene.c_mix_audio_with_buf.c,46,5129,20,2306,17,2306,131,563,,,,
extr_darwin-xnutoolstestsaffinitysets.c_writer_fn.c,18,2815,13,1029,12,1284,83,279,,,,
extr_FFmpeglibavcodecdvdsubenc.c_color_distance.c,44,145,31,79,34,87,43,43,0,0,0,0
extr_raspberry-pi-osexerciseslesson042rssrcprintf.c_ui2a.c,62,107,54,74,52,83,52,72,,,,
extr_stbtools..stb.h_stb_matchlen.c,26,3839,15,1539,13,1793,15,1539,255,255,255,255
extr_hashcatsrcmpsp.c_mask_ctx_parse_maskfile_find_mask.c,33,5624,21,2815,21,3325,44,2816,,,,
extr_linuxdriversstagingrtl8723bscorertw_ieee80211.c_rtw_get_rateset_len.c,18,152,12,72,12,86,31,31,13,13,13,13
extr_darknetsrcconvolutional_layer.c_binarize_cpu.c,27,4856,19,2305,18,2560,139,647,,,,
extr_tenginesrccorengx_string.c_ngx_escape_html.c,40,6165,27,2576,28,3840,27,2576,77730828,77730828,77730828,77730828
extr_disquedepshiredissds.c_sdsull2str.c,56,95,39,69,28,50,29,55,3,3,3,3
extr_linuxarchpowerpcplatformspowermacfeature.c_macio_find.c,24,26,16,18,18,20,15,15,,,,
extr_mimikatzmodulessqlite3_omit.c_btreeHeapPull.c,72,95,38,47,35,47,37,45,1,1,1,1
extr_FFmpeglibavfilteravf_showvolume.c_find_rms.c,29,5112,19,2559,18,2814,37,1927,,,,
extr_linuxnetdccpfeat.c_dccp_feat_prefer.c,28,3333,19,1289,17,1543,30,912,0,0,0,0
extr_gitpager.c_decimal_width.c,18,31,19,28,14,22,17,24,3,3,3,3
extr_labq3map2q3map2visflow.c_CountBits.c,33,5808,20,2814,20,3070,41,2183,147,147,147,147
extr_linuxdriversstagingmostdim2hal.c_dbr_get_mask_size.c,22,94,15,50,15,57,30,30,0,0,0,0
extr_reactosmodulesrosappsapplicationsnettsclientrdesktopuiportssvgawin.c_copy_memb.c,124,2866,44,710,40,746,47,713,,,,
extr_FFmpeglibavcodectwinvq.c_rearrange_lsp.c,58,8018,29,3314,26,3440,31,3442,,,,
extr_linuxnetsctpauth.c___sctp_auth_find_hmacid.c,23,3328,15,1285,15,1541,15,1285,0,0,0,0
extr_php-srcZendzend_bitset.h_zend_bitset_intersection.c,22,3581,13,1283,11,1537,85,361,,,,
extr_php-srcextphartar.c_phar_tar_checksum.c,23,3074,13,1029,11,1283,70,204,r,r,r,r
extr_radare2shlrgrubfsjfs.c_addstr.c,28,5114,17,2049,15,2303,33,1671,,,,
extr_emscriptentestsvorbis_test.c_set_data_in.c,19,2816,13,1029,11,1283,65,157,,,,
extr_raspberry-pi-osexerciseslesson061xdfm1srcprintf.c_ui2a.c,62,107,54,74,52,83,52,72,,,,
extr_linuxlibbtree.c_longset.c,20,2817,13,1029,11,1283,63,215,,,,
extr_linuxdriversgpudrmbridgesil-sii8620.c_sii8620_update_array.c,29,5622,17,2049,14,2302,52,610,,,,
extr_labenginecoderenderergl2tr_image.c_R_BlendOverTexture.c,58,7935,33,4605,34,4862,33,4605,,,,
extr_linuxdriversmediai2cad9389b.c_edid_block_verify_crc.c,22,1421,14,522,14,651,34,167,0,0,0,0
extr_FFmpeglibavcodecpafvideo.c_copy_color_mask.c,44,151,23,68,21,68,32,32,,,,
extr_FFmpeglibswscaleswscale.c_chrRangeFromJpeg16_c.c,35,5880,20,2814,20,3070,136,1426,,,,
extr_linuxtoolsperfarchx86utilintel-pt.c_intel_pt_pick_bit.c,32,195,22,113,18,104,22,113,7,7,7,7
extr_reactosdllopenglglu32srclibutilmipmap.c_nearestPower.c,26,90,18,50,15,54,18,50,256,256,256,256
extr_linuxdriversperfarm-cci.c_is_duplicate_irq.c,23,3328,15,1285,15,1541,15,1285,0,0,0,0
extr_FFmpeglibavcodeccavs.c_intra_pred_dc_128.c,22,108,11,39,12,49,19,19,,,,
extr_disquesrcsds.c_sdsll2str.c,64,103,42,68,34,54,42,68,3,3,3,3
extr_emscriptentestsopenjpegcodecconvert.c_int_floorlog2.c,16,72,15,45,10,42,15,45,7,7,7,7
extr_obs-studiotesttest-inputsync-async-source.c_fill_texture.c,26,4609,17,1746,16,2167,22,139,,,,
extr_darknetsrcblas.c_weighted_sum_cpu.c,44,8683,24,3580,24,4090,56,3584,,,,
extr_kphp-kdbmc-proxymc-proxy-statsx-extension.c_unserialize_list2_raw_new.c,55,19178,23,6715,24,6718,32,10070,,,,
extr_kphp-kdbstatsxstatsx-data.c_list_add.c,26,3585,18,1288,17,1543,90,366,,,,
extr_redissrcdict.c_rev.c,32,157,24,99,23,105,24,24,18374686479671623680,18374686479671623680,18374686479671623680,18374686479671623680
extr_reactosdllwin32usp10shape.c_ContextualShape_Control.c,42,7157,26,4090,24,4090,54,3708,,,,
extr_linuxdriversmediausbcx231xxcx231xx-video.c_cx231xx_find_next_SAV_EAV.c,30,3549,16,1271,16,1524,16,1271,0,0,0,0
extr_torch7libTHvectorNEON.c_THFloatVector_fill_NEON.c,47,1693,27,469,20,344,28,284,,,,
extr_linuxdriversipackipack.c_ipack_crc_byte.c,28,142,18,67,17,75,47,47,15786480,15786480,15786480,15786480
extr_reactosdllwin32wbemproxbuiltin.c_regs_to_str.c,28,3841,16,1286,13,1539,95,373,,,,
extr_labq3map2libsmathlibmathlib.c_VectorIsOnAxialPlane.c,22,50,16,28,14,28,18,18,0,0,0,0
extr_linuxdriversstagingrtl8712ieee80211.c_r8712_get_rateset_len.c,18,144,13,91,12,90,13,91,13,13,13,13
extr_FFmpeglibavcodecsnow_dwt.c_horizontal_compose53i.c,152,9561,80,3212,81,3594,94,3026,,,,
extr_obs-studiodepslibcaptionsrcmpeg.c__find_emulated.c,23,1118,15,519,16,606,15,519,255,255,255,255
extr_linuxtoolstestingselftestsvmuserfaultfd.c_my_bcmp.c,26,4093,15,1539,14,1794,15,1539,0,0,0,0
extr_darknetsrcstb_image_write.h_stbiw__jpg_calcBits.c,41,106,27,57,22,54,27,57,,,,
extr_FFmpeglibavfiltervf_midequalizer.c_compute_contrast_change.c,49,12193,22,3553,20,4358,52,3429,,,,
extr_FFmpeglibavfiltervsrc_mptestsrc.c_draw_dc.c,34,978448,26,262662,22,327178,88,37780,,,,
extr_linuxlibts_bm.c_subpattern.c,56,5897,34,2320,36,2322,34,2320,0,0,0,0
extr_libsodiumsrclibsodiumsodiumutils.c_sodium_increment.c,28,5111,16,2048,14,2048,48,1242,,,,
extr_linuxkernelcgroupcgroup-v1.c_pidlist_uniq.c,42,6623,22,2552,23,2808,22,2552,255,255,255,255
extr_FFmpeglibavcodecutvideodsp.c_restore_rgb_planes_c.c,70,2023186,45,588055,41,652825,154,327722,,,,
extr_linuxsoundfirewirecmp.c_get_overhead_id.c,23,200,17,98,13,108,51,51,15,15,15,15
extr_FFmpeglibavcodecsbrdsp_fixed.c_sbr_neg_odd_64_c.c,19,424,10,134,10,167,13,62,,,,
extr_reactosbootfreeldrfreeldrlibinifileparse.c_IniIsSetting.c,23,3328,15,1285,12,1284,15,1285,0,0,0,0
extr_FFmpeglibavcodecintrax8dsp.c_spatial_compensation_3.c,39,1282,27,594,26,674,49,322,,,,
extr_raspberry-pi-osexerciseslesson052xdfm1srcprintf.c_ui2a.c,62,107,54,74,52,83,52,72,,,,
extr_darwin-xnuosfmkkernstack.c_log2.c,16,81,14,49,10,47,14,49,8,8,8,8
extr_linuxdriversacpiacpicatbprint.c_acpi_tb_checksum.c,24,2821,15,1031,12,1284,79,367,29841555,29841555,29841555,29841555
extr_nginxsrccorengx_string.c_ngx_rstrncasecmp.c,51,6491,24,4088,23,4087,24,4088,a,a,a,a
extr_linuxdriversfirmwareefilibstubgop.c_find_bits.c,39,120,22,57,17,54,19,54,,,,
extr_linuxdriversmtdteststorturetest.c_countdiffs.c,38,4615,23,1801,23,1803,18,1542,-1,-1,-1,-1
extr_FFmpeglibavcodecdiracdec.c_propagate_block_data.c,50,784877,37,327424,29,392191,111,184328,,,,
extr_Arduinotestshostcommonmd5.c_Encode.c,60,3276,28,910,24,1097,28,910,,,,
extr_linuxdriversnetethernetbroadcombnxtbnxt_ethtool.c_bnxt_parse_pkglog.c,80,6161,34,1071,35,1335,36,1083,,,,
extr_linuxdriversnetwirelessathath9kar9003_eeprom.c_ar9300_comp_cksum.c,25,4092,15,1285,14,1540,34,540,22675,22675,22675,22675
extr_tenginesrccorengx_string.c_ngx_rstrncasecmp.c,51,6491,24,4088,23,4087,24,4088,a,a,a,a
extr_raspberry-pi-osexerciseslesson033H-4ND-Hsrcprintf.c_ui2a.c,62,107,54,74,52,83,52,72,,,,
extr_linuxdriversnetethernettidavinci_emac.c_hash_get.c,52,97,27,46,27,49,37,37,23,23,23,23
extr_labq3map2libsmathlibm4x4.c_m4_submat.c,53,504,48,303,47,312,160,160,,,,
extr_FFmpeglibavcodecvorbis.c_ff_vorbis_nth_root.c,31,9198,21,2326,16,3078,126,881,2,2,2,2
extr_reactossdklib3rdpartystlportsrcc_locale_win32c_locale_win32.c_my_ltoa.c,51,129,37,83,24,56,40,86,,,,
extr_FFmpeglibavcodecvc1dsp.c_vc1_inv_trans_8x8_c.c,317,2421,206,1501,187,1374,206,1501,,,,
extr_stbtests..stb_c_lexer.h_stb__clex_pow.c,25,139,19,89,14,72,19,89,inf,inf,inf,inf
extr_linuxdriversstagingrtl8723bscorertw_ieee80211.c_rtw_get_ie.c,40,61,22,32,21,31,22,32,,,,
extr_FFmpeglibavcodecmipsvc1dsp_mmi.c_ff_vc1_h_s_overlap_mmi.c,97,638,67,326,68,336,67,326,,,,
extr_nodemcu-firmwareappuzlibuzlib_inflate.c_build_bits_base.c,45,3083,36,268,34,1569,46,208,,,,
extr_php-srcextstandardmetaphone.c_Lookahead.c,33,4873,14,1799,13,1798,14,1799,X,X,X,X
extr_linuxdriversgpudrmsun4isun4i_hdmi_tmds_clk.c_sun4i_tmds_calc_divider.c,74,1076,62,717,63,753,64,538,1,1,1,1
extr_nuklearexamplestb_image.h_stbi__jpeg_dequantize.c,21,905,12,390,12,455,42,42,,,,
extr_redisdepshiredisread.c_seekNewline.c,39,4601,27,1292,27,1800,28,1546,,,,
extr_labenginecodeqcommonq_shared.c_SkipWhitespace.c,22,66,16,40,14,44,16,40,,,,
extr_linuxdriversstagingrtl8712rtl871x_security.c_construct_mic_iv.c,72,216,40,90,43,112,49,49,,,,
extr_reactosdllwin32lpklpk.c_PSM_FindLastPrefix.c,31,5349,20,1791,16,1789,19,1537,-1,-1,-1,-1
extr_reactosdll3rdpartylibtifftif_swab.c_TIFFSwabArrayOfTriples.c,28,5622,17,2049,14,2302,46,1302,,,,
extr_gitxdiffxutils.c_xdl_bogosqrt.c,16,45,15,30,10,27,15,30,16,16,16,16
extr_reactosbaseapplicationsmstscorders.c_process_compressed_8x8_brush_data.c,69,344294,69,82945,78,99266,521,17206,,,,
extr_FFmpeglibavcodecsbrdsp_template.c_sbr_sum64x5_c.c,40,2184,15,582,15,647,19,422,,,,
extr_FFmpeglibavresampledither.c_dither_int_to_float_triangular_c.c,37,6136,25,3327,23,3073,114,1370,,,,
extr_anypixelfirmwarecontrollersrctextfuncs.c_TEXT_deleteWhiteSpace.c,45,9192,23,2879,21,2879,48,2754,0,0,0,0
extr_linuxdriversmediausbdvb-usbvp702x-fe.c_vp702x_chksum.c,27,3588,18,1034,14,1286,83,235,-30551735,-30551735,-30551735,-30551735
extr_reactosbaseapplicationsmstscssl_calls.c_mpSetEqual.c,21,3326,14,1284,12,1538,94,232,,,,
extr_nginxsrcstreamngx_stream_log_module.c_ngx_stream_log_copy_short.c,31,8163,19,3843,14,3362,38,1822,,,,
extr_redisdepsluasrclua_struct.c_correctbytes.c,37,3193,21,1155,18,1154,21,1155,,,,
extr_linuxfscifsasn1.c_compare_oid.c,29,3842,19,1797,17,1797,19,1543,1,1,1,1
extr_linuxdriversnetwirelessbroadcombrcm80211brcmsmacphyphy_qmath.c_qm_norm32.c,25,317,23,199,16,220,23,199,23,23,23,23
extr_tenginesrccorengx_string.c_ngx_filename_cmp.c,33,6131,22,3324,20,3324,22,3324,a,a,a,a
extr_linuxdriversnetwirelessrealtekrtlwifirtl8723bephy.c__phy_convert_txpower_dbm_to_relative_value.c,37,105,27,63,27,68,29,29,,,,
extr_reactosbaseapplicationsmstscssl_calls.c_mpAdd.c,46,8939,23,3579,22,3834,23,3579,0,0,0,0
extr_linuxdriversmediausbgspcanw80x.c_swap_bits.c,27,162,13,55,13,64,18,18,255,255,255,255
extr_emscriptentestslzmalzmaLzFind.c_MatchFinder_Normalize3.c,33,5580,17,1875,14,2088,32,1477,,,,
extr_linuxnetbluetoothhci_event.c_eir_get_length.c,28,31,18,20,16,18,17,19,255,255,255,255
extr_raspberry-pi-osexerciseslesson021avenitosrcprintf.c_ui2a.c,62,107,54,74,52,83,52,72,,,,
extr_h2ot00unitlibcommon........libcommontime.c_emit_digits.c,31,4857,19,3321,15,1539,53,3959,,,,
extr_php-srcZendzend_bitset.h_zend_bitset_union.c,22,3581,13,1283,11,1537,85,361,,,,
extr_FFmpeglibavcodectakdsp.c_decorrelate_sm.c,37,7406,20,2814,19,3069,76,684,,,,
extr_linuxnetwirelesslib80211_crypt_ccmp.c_xor_block.c,22,3581,13,1283,11,1537,85,361,,,,
extr_linuxarchx86kernelcpuintel_rdt.c_setup_default_ctrlval.c,29,10071,15,3361,13,3839,15,3361,,,,
extr_FFmpeglibavcodecsnow_dwt.c_vertical_compose97iH0.c,31,5622,19,2559,19,2815,95,1169,,,,
extr_linuxdriversinputtouchscreenpenmount.c_pm_checkpacket.c,28,74,18,38,18,44,21,21,0,0,0,0
extr_linuxdriversnetwirelessrealtekrtl8192cucorertw_security.c_construct_mic_header2.c,83,302,43,68,44,153,48,48,,,,
extr_linuxdriversstagingrtl8188eucorertw_mlme.c_rtw_restruct_wmm_ie.c,31,53,19,28,16,28,26,34,255,255,255,255
extr_numpynumpycoresrcnpymathhalffloat.c_npy_halfbits_to_floatbits.c,49,64,32,37,27,34,32,37,931069952,931069952,931069952,931069952
extr_reactosdllcplpowercfgadvanced.c_FindActionIndex.c,23,3328,15,1285,12,1538,15,1285,18446744073709551615,18446744073709551615,18446744073709551615,18446744073709551615
extr_FFmpeglibavcodecscpr3.c_renew_table3.c,69,9560,50,3885,46,4777,66,4025,,,,
extr_radare2librdebugpnativedrx.c_drx_next.c,19,54,12,27,12,32,14,14,-1,-1,-1,-1
extr_linuxdriversstagingrtl8712rtl871x_mlme.c_r8712_restruct_wmm_ie.c,30,51,19,28,16,28,26,34,255,255,255,255
extr_linuxdriversinfinibandhwi40iwi40iw_ctrl.c_i40iw_get_encoded_wqe_size.c,23,64,16,32,13,35,16,32,6,6,6,6
extr_mpvaudiooutao_sdl.c_ceil_power_of_two.c,14,66,10,42,9,41,10,42,256,256,256,256
extr_emscriptentestsfreetypesrcsfntsfobjs.c_sfnt_find_encoding.c,26,149,13,63,14,76,9,9,0,0,0,0
extr_raspberry-pi-osexerciseslesson031rssrcprintf.c_ui2a.c,62,107,54,74,52,83,52,72,,,,
extr_darwin-xnubsdnetinet6ip6_fw.c_port_match6.c,39,3573,23,1789,21,1787,23,1789,0,0,0,0
extr_linuxnetipv4tcp.c_retrans_to_secs.c,31,4337,18,1536,15,1788,50,1421,65025,65025,65025,65025
extr_linuxarchs390bootals.c_u16_to_decimal.c,39,96,28,68,25,63,28,68,,,,
extr_hashcatdepsLZMA-SDKCLzFind.c_MatchFinder_Normalize3.c,33,5580,17,1875,14,2088,32,1477,,,,
extr_linuxdriverseisaeisa-bus.c_is_forced_dev.c,30,4859,19,1289,18,2306,19,1289,0,0,0,0
extr_linuxlibmpigeneric_mpih-add1.c_mpihelp_add_n.c,75,9727,27,2821,18,2812,47,2441,0,0,0,0
extr_os-tutorial21-shelllibcmem.c_memory_set.c,21,3071,12,1028,10,1282,67,159,,,,
extr_darwin-xnuosfmkdevicesubrs.c_itoa.c,54,128,35,79,28,62,41,85,,,,
extr_linuxdriversnetwirelessrealtekrtl8192cucorertw_security.c_bitwise_xor.c,23,250,12,102,12,119,52,52,,,,
extr_labenginecodeqcommoncm_patch.c_CM_SignbitsForNormal.c,19,43,16,34,18,42,14,14,0,0,0,0
extr_tenginesrcstreamngx_stream_log_module.c_ngx_stream_log_copy_short.c,31,8163,19,3843,14,3362,38,1822,,,,
extr_emscriptensystemliblibcmuslsrcinternalprocfdname.c___procfdname.c,57,286,39,81,32,70,39,81,,,,
extr_opensslcryptomodesctr128.c_ctr128_inc.c,25,295,14,119,13,118,65,65,,,,
extr_FFmpeglibavcodecutvideodsp.c_restore_rgb_planes10_c.c,72,2153236,51,783133,50,847906,195,211197,,,,
extr_masscansrcrand-primegen.c_doit6.c,58,680,35,262,30,333,35,262,,,,
extr_php-srcsapifpmfpmfpm_str.h_str_purify_filename.c,53,8125,24,3060,22,3313,24,3060,,,,
extr_BGAQRCode-Androidzbarsrcmainjnilibiconv-1.15libc99.h_c99_wctomb.c,62,134,37,79,37,87,37,79,6,6,6,6
extr_darknetsrcutils.c_int_index.c,23,3328,16,1286,14,1540,16,1286,-1,-1,-1,-1
extr_kphp-kdbcachecache-binlog.c_a2hex.c,43,7666,22,2816,22,3072,22,2816,,,,
extr_obs-studiotesttest-inputsync-audio-buffering.c_fill_texture.c,26,4609,17,1746,16,2167,22,139,,,,
extr_nodemcu-firmwareappmodulesam2320.c_crc16.c,44,36829,24,20153,22,22448,62,13270,27974,27974,27974,27974
extr_kittykittyscreen.c_init_tabstops.c,23,4090,16,1794,14,2048,104,644,,,,
extr_goaccesssrcutil.c_intlen.c,18,31,19,28,14,22,17,24,3,3,3,3
extr_linuxdriversblockparidept.c_xs.c,45,7414,29,2569,29,2825,51,1941,,,,
extr_linuxdriversvideofbdevnvidianv_hw.c_CalcVClock2Stage.c,28,108,27,75,27,83,27,75,,,,
extr_labq3map2libsmathlibm4x4.c_m4x4_transpose.c,47,239,25,78,25,97,28,28,,,,
extr_radare2librasmpasm_avr.c_packDataByMask.c,41,380,21,161,21,171,30,141,255,255,255,255
extr_php-srcexthashhash_sha.c_SHAEncode32.c,60,3276,23,716,19,777,23,716,,,,
extr_FFmpeglibavcodecsnow_dwt.c_vertical_decompose53iH0.c,28,4857,16,1794,15,2049,72,604,,,,
extr_raspberry-pi-ossrclesson04srcprintf.c_ui2a.c,62,107,54,74,52,83,52,72,,,,
extr_linuxdriversnetwirelessrealtekrtl8192cucorertw_security.c_construct_mic_iv.c,73,217,40,90,43,112,49,49,,,,
extr_linuxdriversstagingrtl8723bscorertw_security.c_xor_32.c,23,70,12,30,12,35,16,16,,,,
extr_darwin-xnubsdnfsnfs_node.c_nfs_hash.c,23,3582,15,1285,14,1540,77,777,29841555,29841555,29841555,29841555
extr_kphp-kdbbayesbayes-data.c_ok_cp1251.c,22,3314,16,1281,12,1279,16,1281,1,1,1,1
extr_raspberry-pi-osexerciseslesson043bl4ckout31srcprintf.c_ui2a.c,62,107,54,74,52,83,52,72,,,,
extr_FFmpeglibavcodecsnow_dwt.c_vertical_compose97iL0.c,36,6897,22,3324,22,3580,102,1368,,,,
extr_raspberry-pi-osexerciseslesson032avenitosrcprintf.c_ui2a.c,62,107,54,74,52,83,52,72,,,,
extr_FFmpeglibavcodecvc1dsp.c_vc1_h_s_overlap_c.c,97,638,67,326,68,336,67,326,,,,
extr_linuxdriversnetethernetinteli40ei40e_main.c_i40e_fill_rss_lut.c,23,3582,16,1794,14,2048,43,2563,,,,
extr_FFmpeglibavcodectwinvq.c_linear_perm.c,40,6901,24,2310,23,2565,24,2310,,,,
extr_FFmpeglibavcodecopus_pvq.c_celt_stereo_ms_decouple.c,37,7406,21,3069,20,3324,68,836,,,,
extr_FFmpeglibavcodecsnow_dwt.c_vertical_compose53iH0.c,27,4602,16,1794,15,2049,72,604,,,,
extr_emscriptensystemliblibcmuslsrcpasswdgetpw_a.c_itoa.c,33,69,24,56,18,38,24,56,,,,
extr_linuxdriversvideohdmi.c_hdmi_infoframe_checksum.c,22,3073,15,1031,13,1285,71,359,-29841299,-29841299,-29841299,-29841299
extr_linuxdriverspariscgsc.c_gsc_find_local_irq.c,24,3329,15,1285,14,1540,15,1285,0,0,0,0
extr_stbtools..stb.h_stb_hashlen.c,41,7418,22,2308,18,2560,22,2308,1806841983,1806841983,1806841983,1806841983
extr_linuxfsdlmlock.c_nodeid_warned.c,27,4348,19,2051,18,2306,19,2051,0,0,0,0
extr_openpilotpandaboarddriversgmlan_alt.h_append_bits.c,27,4348,19,1289,17,1543,105,203,510,510,510,510
extr_raspberry-pi-osexerciseslesson042bl4ckout31srcprintf.c_ui2a.c,62,107,54,74,52,83,52,72,,,,
extr_linuxdriversmediai2cadv7511.c_edid_block_verify_crc.c,22,1421,14,522,14,651,34,167,0,0,0,0
extr_The-Art-Of-Programming-By-Julyebookcodec10.1.3：教你一步一步用c语言实现sift算法、下.c_normalizeVec.c,35,6391,25,2565,20,3072,81,717,,,,
extr_linuxdriversmiscaltera-staplaltera-jtag.c_altera_concatenate_data.c,149,24512,90,14305,90,14566,91,14306,,,,
extr_FFmpeglibavcodecdss_sp.c_dss_sp_update_buf.c,36,2616,21,376,20,1199,77,77,,,,
extr_raspberry-pi-osexerciseslesson045avenitosrcprintf.c_ui2a.c,62,107,54,74,52,83,52,72,,,,
extr_FFmpeglibavcodecac3enc.c_count_frame_bits_fixed.c,105,15883,55,6269,52,5790,53,5311,,,,
extr_linuxdriverscryptoqatqat_commonqat_uclo.c_qat_uclo_calc_checksum.c,37,140,22,85,21,93,58,58,57840,57840,57840,57840
extr_labthird_partymdmd4c.c_MD4_memcpy.c,21,3326,14,1284,12,1538,94,232,,,,
extr_linuxdriversstagingrts5208general.c_bit1cnt_long.c,24,450,13,199,13,232,128,128,8,8,8,8
extr_reactosbaseapplicationsnetworknslookuputility.c_ExtractName.c,95,10686,84,2466,93,2867,185,543,394,394,394,394
extr_linuxdriversandroidbinder_alloc_selftest.c_is_dup.c,23,3328,15,1285,15,1541,15,1285,0,0,0,0
extr_disquedepshiredishiredis.c_seekNewline.c,41,4603,28,1293,32,1805,32,1550,,,,
extr_FFmpeglibswscaleswscale.c_chrRangeFromJpeg_c.c,31,5876,20,2814,20,3070,136,1426,,,,
extr_linuxdriversvideofbdevmatroxmatroxfb_accel.c_matrox_cfb8_pal.c,16,168,11,86,11,103,12,12,,,,
extr_FFmpeglibavcodecbgmc.c_bgmc_lut_fillp.c,22,189,18,93,20,142,20,110,,,,
extr_obs-studiolibobsobs-source-transition.c_calc_min_ts.c,24,42,15,23,15,26,16,16,0,0,0,0
extr_nginxsrccorengx_string.c_ngx_escape_json.c,98,13315,45,5482,43,5736,45,5482,67315361,67315361,67315361,67315361
extr_linuxdriversstagingrtlwifihalmachalmac_88xxhalmac_func_88xx.c_halmac_check_efuse_enough_88xx.c,138,4236,50,1360,47,1649,47,920,,,,
extr_raspberry-pi-osexerciseslesson021H-4ND-Hsrcprintf.c_ui2a.c,62,107,54,74,52,83,52,72,,,,
extr_opensslsslpacket.c_put_value.c,32,4352,14,1030,14,1540,35,245,1,1,1,1
extr_reactosbaseapplicationsmstscbsops.c_bs_copy_memb.c,122,2864,44,710,38,696,91,733,,,,
extr_linuxdriversusbhostdwc_otgdwc_otg_cil.c_calc_num_out_eps.c,32,3899,19,1615,18,2072,48,1112,225,225,225,225
extr_FFmpeglibavcodectruemotion2.c_tm2_high_chroma.c,53,162,26,62,24,67,29,29,,,,
extr_reactosdllwin32oleaut32typelib.c_hash_guid.c,20,99,13,48,13,57,14,14,18,18,18,18
extr_linuxdriversstagingrtl8188eucorertw_ieee80211.c_rtw_get_ie.c,40,61,22,32,21,31,22,32,,,,
extr_FFmpeglibavfilteraf_adeclick.c_factorization.c,120,72864902,90,22664344,76,25395479,153,17383060,0,0,0,0
extr_FFmpeglibavcodecrv34dsp.c_rv34_inv_transform_dc_noround_c.c,31,224,19,100,18,121,12,12,,,,
extr_linuxdriversstagingrtl8192ertllib_crypt_ccmp.c_xor_block.c,22,3581,13,1283,11,1537,85,361,,,,
extr_linuxsoundpcictxfictresource.c_get_resource.c,55,7996,31,4162,28,3907,28,3651,0,0,0,0
extr_FFmpeglibavcodech261.c_h261_loop_filter.c,136,3509,85,1231,90,1655,177,436,,,,
extr_linuxdriversmediaplatformvividvivid-vbi-gen.c_cc_insert.c,54,266,20,74,20,82,51,51,,,,
extr_kphp-kdbtexttext-data.c_list_contained.c,48,167,35,109,41,120,38,112,0,0,0,0
extr_reactosbootfreeldrfreeldrlibinifileparse.c_IniGetSettingNameSize.c,46,5129,33,2573,23,2565,33,2573,256,256,256,256
extr_h2odepsklibtestkstring_bench2.c_BoyerMoore.c,62,5661,37,2327,41,2333,119,999,,,,
extr_FFmpeglibavcodeccavs.c_intra_pred_horiz.c,29,171,14,56,14,65,28,28,,,,
extr_swayswaydesktoplayer_shell.c_apply_exclusive.c,121,279,67,115,62,112,47,47,,,,
extr_darwin-xnubsdnetinetip_icmp.c_ip_next_mtu.c,34,149,20,67,20,78,38,38,68,68,68,68
extr_raspberry-pi-osexerciseslesson023evopensrcprintf.c_ui2a.c,62,107,54,74,52,83,52,72,,,,
extr_linuxdriversstagingrtl8188eucorertw_security.c_construct_ctr_preload.c,81,362,42,92,47,193,52,52,,,,
extr_php-srcZendzend_bitset.h_zend_bitset_difference.c,26,4601,14,1538,12,1792,79,363,,,,
extr_darwin-xnubsdnetinet6in6.c_in6_mask2len.c,69,96,36,47,36,50,29,29,-1,-1,-1,-1
extr_emscriptentestsbox2dfreeglutfreeglut_joystick.c_fghJoystickRawRead.c,31,5771,18,1930,18,2410,68,216,,,,
extr_linuxdriversnetethernetxilinxxilinx_emaclite.c_xemaclite_aligned_read.c,68,2200,18,452,16,452,44,240,,,,
extr_linuxdriversthermalint340x_thermalint3406_thermal.c_int3406_thermal_get_index.c,29,3308,21,1281,19,1533,21,1281,0,0,0,0
extr_reactosdlldirectxwined3dx9_36preshader.c_pres_dot.c,27,4348,18,1542,16,1796,49,991,-215328349257455168.000000,-215328349257455168.000000,-215328349257455168.000000,-215328349257455168.000000
extr_php-srcextgdlibgdgd_interpolation.c_KernelBessel_J1.c,30,158,18,74,20,85,35,35,2701.122711,2701.122711,2701.122711,2701.122711
extr_darknetsrcgemm.c_gemm_bin.c,63,333061128,59,100271385,52,116787734,176,24261270,,,,
extr_emscriptentestscoretest_i64_2.c_returner2.c,18,52,19,43,12,32,14,34,591724835,591724835,591724835,591724835
extr_FFmpeglibavfiltervf_fspp.c_mul_thrmat_c.c,21,842,12,390,12,455,137,137,,,,
extr_kphp-kdbstatsxstatsx-data.c_serialize_list2a_raw.c,36,8694,24,2569,22,3078,92,402,,,,
extr_ccvlib3rdpartysqlite3sqlite3.c_btreeHeapInsert.c,51,279,22,87,20,100,29,101,,,,
extr_ccvlib3rdpartykissfftkissf_fft.c_kissf_fft_next_fast_size.c,53,179,56,122,30,98,54,118,256,256,256,256
extr_tenginesrccorengx_string.c_ngx_escape_json.c,98,13315,45,5482,43,5736,45,5482,67315361,67315361,67315361,67315361
extr_kphp-kdbmc-proxymc-proxy-statsx-extension.c_serialize_list2_raw_new.c,36,19182,20,7676,16,8635,20,7676,,,,
extr_FFmpeglibavcodecsnow_dwt.c_vertical_compose97iL1.c,32,5877,19,2559,19,2815,95,1169,,,,
extr_hashcatdepsLZMA-SDKCUtil7z7zMain.c_UInt64ToStr.c,57,2882,52,96,34,1574,62,108,,,,
extr_linuxdriversusbhostdwc_otgdwc_otg_pcd.c_assign_tx_fifo.c,32,105,22,56,22,64,22,56,6,6,6,6
extr_labenginecodeserversv_main.c_SV_ExpandNewlines.c,39,29632,26,11246,19,12265,27,12267,,,,
extr_reactosdlldirectxwined3dx9_36texture.c_make_pow2.c,19,71,12,44,12,44,12,44,256,256,256,256
extr_tenginemodulesngx_http_lua_modulesrcngx_http_lua_string.c_ngx_http_lua_ngx_escape_sql_str.c,80,10557,43,2601,49,4307,43,2601,77730828,77730828,77730828,77730828
extr_linuxdriversnetwirelessrealtekrtl8192cucorertw_ieee80211.c_rtw_get_rateset_len.c,18,144,13,91,12,90,13,91,13,13,13,13
extr_FFmpeglibavcodecacelp_filters.c_ff_tilt_compensation.c,44,4347,27,2557,21,2300,81,2611,,,,
extr_kphp-kdbutiltftp.c_tftp_fetch_string.c,32,4612,31,1551,19,1545,27,1547,-1,-1,-1,-1
extr_numpynumpycoresrcumathreduction.c_count_axes.c,24,3837,15,1285,14,1540,37,729,255,255,255,255
extr_openpilotpandaboardlibc.h_delay.c,14,2049,11,1284,10,1283,11,1284,,,,
extr_linuxdriversnetwirelessathath9kcommon.c_ath9k_cmn_count_streams.c,21,112,14,63,14,63,14,63,8,8,8,8
extr_php-srcZendzend_bitset.h_zend_bitset_subset.c,28,4603,17,1795,14,2048,17,1795,1,1,1,1
extr_FFmpeglibavfilterasrc_sinc.c_bessel_I_0.c,35,92,22,55,20,50,22,55,inf,inf,inf,inf
extr_raspberry-pi-osexerciseslesson022evopensrcprintf.c_ui2a.c,62,107,54,74,52,83,52,72,,,,
extr_micropythonportsstm32usbhostClassMTPSrcusbh_mtp_ptp.c_PTP_GetString.c,36,7209,21,2889,16,2886,21,2889,,,,
extr_ccvlib3rdpartysqlite3sqlite3.c_btreeHeapPull.c,72,95,38,47,35,47,37,45,1,1,1,1
extr_raspberry-pi-osexerciseslesson053avenitosrcprintf.c_ui2a.c,62,107,54,74,52,83,52,72,,,,
extr_linuxdriversmediadvb-frontendsdrxk_hard.c_Frac28a.c,45,173,28,88,28,113,64,64,268435456,268435456,268435456,268435456
extr_linuxdriversnetethernetamdariadne.c_memcpyw.c,30,2048,20,1028,17,901,20,1028,,,,
extr_linuxnettipcmonitor.c_dom_size.c,20,144,15,95,13,93,15,95,0,0,0,0
extr_linuxdriversmediai2cadv7511.c_hdmi_infoframe_checksum.c,22,3073,15,1031,13,1285,71,359,-29841299,-29841299,-29841299,-29841299
extr_linuxdriversstagingrtl8723bscorertw_security.c_construct_mic_header2.c,83,302,43,68,44,153,48,48,,,,
extr_darknetsrcstb_image.h_stbi__jpeg_dequantize.c,21,905,12,390,12,455,42,42,,,,
extr_linuxdriversgpudrmradeonr200.c_r200_get_vtx_size_1.c,25,102,17,62,17,69,38,38,3,3,3,3
extr_radare2librasmarchavravr_disasm.c_extractDataFromMask.c,42,388,25,208,25,218,39,188,255,255,255,255
extr_linuxdriversstagingrtl8188eucorertw_security.c_construct_mic_header2.c,83,302,43,68,44,153,48,48,,,,
extr_darwin-xnubsdnetnecp.c_necp_count_dots.c,23,3328,16,1794,14,2048,84,504,0,0,0,0
extr_linuxdriversisdnhisaxisar.c_insert_dle.c,28,5368,20,2814,16,2558,37,2053,,,,
extr_labenginecodeq3_uiui_atoms.c_UI_LerpColor.c,53,153,23,65,23,70,50,50,,,,
extr_linuxdriversvideofbdevudlfb.c_dlfb_lfsr16.c,31,6133,24,4088,22,4342,54,3204,23914,23914,23914,23914
extr_linuxtoolsperfutilintel-pt-decoderintel-pt-decoder.c_intel_pt_lower_power_of_2.c,18,74,15,39,12,44,15,39,128,128,128,128
extr_opensslcryptomodesctr128.c_ctr96_inc.c,25,223,14,91,13,90,49,49,,,,
extr_linuxdriversstagingrtl8712rtl871x_security.c_secmicputuint32.c,24,77,12,30,12,35,15,15,,,,
extr_linuxdriversstagingrtl8188eucorertw_ieee80211.c_rtw_get_rateset_len.c,18,152,12,72,12,86,31,31,13,13,13,13
extr_openpilotpandaboarddriversgmlan_alt.h_append_crc.c,53,6660,39,3213,37,3484,103,2497,270,270,270,270
extr_linuxdriversmtdnandrawsunxi_nand.c_sunxi_nfc_randomizer_step.c,28,4606,19,2051,14,2558,54,1502,224,224,224,224
extr_winfilesrclfnmisc.c_I_LFNEditName.c,64,13024,32,5878,32,6387,32,5878,0,0,0,0
extr_FFmpeglibavcodecsbrdsp.c_sbr_neg_odd_64_c.c,28,330,11,86,11,103,36,36,,,,
extr_stbtools..stb.h_stb_bitset_eq.c,25,3838,17,1541,15,1795,17,1541,1,1,1,1
extr_FFmpeglibavcodectakdsp.c_decorrelate_sr.c,28,5111,15,1539,14,1794,76,658,,,,
extr_emscriptentestssqlitesqlite3.c_estLog.c,20,83,17,41,14,46,17,41,8.000000,8.000000,8.000000,8.000000
extr_linuxsamplesbpflwt_len_hist_user.c_stars.c,43,6888,29,1545,27,2053,32,1548,,,,
extr_openpilotselfdrivelocationdget_vp.c_get_intersections.c,86,4217953,43,1296283,44,1426336,43,1295775,0,0,0,0
extr_disquedepshiredishiredis.c_intlen.c,20,40,19,39,18,34,19,39,3,3,3,3
extr_linuxfsnfsdnfs4recover.c_md5_to_hex.c,53,715,27,312,27,329,27,312,,,,
extr_emscriptensystemliblibcmuslsrcpasswdgetgr_a.c_itoa.c,33,69,24,56,18,38,24,56,,,,
extr_libgit2srcxdiffxutils.c_xdl_bogosqrt.c,16,45,15,30,10,27,15,30,16,16,16,16
extr_labthird_partymdmd5c.c_MD5_memcpy.c,21,3326,14,1284,12,1538,94,232,,,,
extr_linuxdrivershidhid-core.c_search.c,23,3585,14,1540,13,1539,14,1540,-1,-1,-1,-1
extr_os-tutorial21-shelllibcmem.c_memory_copy.c,21,3326,14,1284,13,1539,91,229,,,,
extr_linuxdriversmediaceccec-api.c_cec_validate_phys_addr.c,45,55,30,39,25,33,28,28,0,0,0,0
extr_nginxsrccorengx_string.c_ngx_filename_cmp.c,33,6131,22,3324,20,3324,22,3324,a,a,a,a
extr_linuxdriversusbserialpl2303.c_pl2303_encode_baud_rate_divisor.c,51,113,36,76,32,69,37,37,255,255,255,255
extr_reactosdlldirectxwined3dx9_36font.c_make_pow2.c,19,71,12,44,12,44,12,44,256,256,256,256
extr_h2odepshiredissds.c_sdsull2str.c,56,95,39,69,28,50,29,55,3,3,3,3
extr_FFmpeglibavcodecintrax8dsp.c_spatial_compensation_8.c,44,1602,35,1050,32,1114,75,502,,,,
extr_linuxarchs390bootals.c_u16_to_hex.c,36,113,20,59,20,64,39,39,,,,
extr_xhyvesrcpci_ahci.c_ahci_checksum.c,29,3576,20,1032,19,1286,77,225,,,,
extr_nodemcu-firmwareappmqttmqtt_msg.c_mqtt_get_total_length.c,47,66,28,36,25,34,28,36,2024,2024,2024,2024
extr_stbtestsprereleasestb_lib.h_stb_crc32_block.c,63,40964,40,20487,39,23049,94,4882,252192660,252192660,252192660,252192660
extr_FFmpeglibavcodecopusdsp.c_deemphasis_c.c,31,4860,16,1540,15,1795,44,986,0.000000,0.000000,0.000000,0.000000
extr_linuxdriversvideofbdevatafb_utils.h_fill16_col.c,21,3325,13,1283,11,1537,62,196,,,,
extr_FFmpeglibavcodecsnow_dwt.c_vertical_compose53iL0.c,29,5112,18,2304,17,2559,81,681,,,,
extr_masscansrcrand-primegen.c_doit4.c,61,503,36,204,31,250,36,204,,,,
extr_raspberry-pi-osexerciseslesson051bl4ckout31srcprintf.c_ui2a.c,62,107,54,74,52,83,52,72,,,,
extr_darknetsrcblas.c_copy_cpu.c,27,4348,18,1542,18,1798,84,842,,,,
extr_reactosbaseapplicationsmstscbsops.c_bs_copy_mem.c,112,2854,39,705,35,741,50,716,,,,
extr_darwin-xnubsdnetkeykey.c_key_bbcmp.c,49,561,32,302,29,271,32,302,1,1,1,1
extr_linuxlibmpigeneric_mpih-sub1.c_mpihelp_sub_n.c,75,9727,27,2821,18,2812,47,2441,0,0,0,0
extr_linuxdriversinfinibandhwi40iwi40iw_verbs.c_i40iw_check_mem_contiguous.c,28,40,18,21,18,27,18,18,0,0,0,0
extr_linuxdriversstagingxgifbvb_setmode.c_XG21GPIODataTransfer.c,28,157,16,79,16,88,17,17,v,v,v,v
extr_obs-studiotesttest-inputsync-pair-vid.c_fill_texture.c,27,12617,17,4326,16,5383,19,360,,,,
extr_labthird_partymdmd5c.c_Encode.c,60,3276,23,716,19,777,23,716,,,,
extr_php-srcZendzend_bitset.h_zend_bitset_union_with_difference.c,32,5623,16,2048,14,2302,89,565,,,,
extr_gitgrep.c_end_of_line.c,33,9122,16,2406,15,3363,19,2409,,,,
extr_Mirai-Source-Codemiraibotkiller.c_mem_exists.c,40,5880,30,3328,28,3581,30,3328,0,0,0,0
extr_nginxsrccorengx_string.c_ngx_strnlen.c,23,3328,14,1284,12,1538,14,1284,255,255,255,255
extr_nodemcu-firmwareappmodulesbme680.c_ln.c,34,244,27,187,25,171,49,49,4.796863,4.796863,4.796863,4.796863
extr_FFmpeglibavfilteraf_aiir.c_multiply.c,98,14324,46,6142,41,6393,174,3984,,,,
extr_FFmpeglibavcodecsnow_dwt.c_vertical_compose97iH1.c,32,5877,19,2559,19,2815,95,1169,,,,
extr_linuxtoolstestingselftestssizeget_size.c_num_to_str.c,37,79,24,50,19,37,24,50,,,,
extr_reactossdktoolshhpcompchmcencint.h_chmc_encint.c,59,80,34,44,31,44,34,44,2,2,2,2
extr_os-tutorial18-interruptskernelutil.c_memory_set.c,21,3071,12,1028,10,1282,67,159,,,,
extr_reactosdllopenglmesaimage.c_gl_flip_bytes.c,54,11995,27,4853,25,5107,27,4853,,,,
extr_zstdtestsfuzzer.c_FUZ_highbit32.c,21,86,14,49,12,49,14,49,8,8,8,8
extr_The-Art-Of-Programming-By-Julyebookcodec2.6：求连续子数组的最大和.c_maxSubArray.c,49,7672,23,2055,24,2312,41,1931,29841555,29841555,29841555,29841555
extr_gitsha1-name.c_msb.c,16,75,16,46,10,42,16,46,7,7,7,7
extr_FFmpeglibavcodeclossless_videodsp.c_add_bytes_c.c,54,1054,34,484,29,519,84,514,,,,
extr_FFmpeglibavcodecac3enc.c_ff_ac3_adjust_frame_size.c,65,81,37,40,35,42,34,36,,,,
extr_linuxdriversnetethernetintelfm10kfm10k_tlv.c_fm10k_tlv_attr_get_null_string.c,39,9127,27,4807,26,5764,49,4571,0,0,0,0
extr_linuxfsadfsdir_f.c_adfs_readname.c,44,84,29,37,18,32,29,37,2,2,2,2
extr_linuxdriversstagingwilc1000coreconfigurator.c_get_current_channel_802_11n.c,27,49,18,24,16,25,18,24,0,0,0,0
extr_reactoswin32ssgdintgdipalette.c_GetNumberOfBits.c,18,97,12,40,12,63,12,40,,,,
extr_linuxsoundcoreseqseq_midi_event.c_extra_decode_xrpn.c,98,214,56,104,55,105,86,86,12,12,12,12
extr_reactosmodulesrostestswinetestsdplayxdplayx.c_dpid2char.c,26,3331,17,1287,16,1542,17,1287,l,l,l,l
extr_opensslcryptoeccurve25519.c_fe51_cswap.c,37,143,17,57,17,63,40,40,,,,
extr_raspberry-pi-osexerciseslesson044rssrcprintf.c_ui2a.c,62,107,54,74,52,83,52,72,,,,
extr_linuxdriversinfinibandhwbnxt_remain.c_bnxt_re_parse_cid_map.c,37,58,18,26,19,29,18,18,,,,
extr_linuxsoundisawavefrontwavefront_synth.c_munge_int32.c,27,4602,15,1793,13,2047,44,1236,,,,
extr_gitbisect.c_log2i.c,16,72,15,45,10,42,15,45,7,7,7,7
extr_os-tutorial22-malloclibcmem.c_memory_copy.c,21,3326,14,1284,13,1539,91,229,,,,
extr_linuxarchsparckernelpci.c_apb_calc_first_last.c,42,210,22,106,22,115,61,61,,,,
extr_FFmpeglibavcodecmss1.c_arith_get_prob.c,60,146,42,92,42,92,42,92,11,11,11,11
extr_radare2librasmp..archavravr_disasm.c_extractDataFromMask.c,42,388,25,208,25,218,39,188,255,255,255,255
extr_linuxdriversisdnhardwareeiconcapidtmf.c_capidtmf_goertzel_loop.c,81,8466,66,4892,62,5145,101,4133,,,,
extr_raspberry-pi-osexerciseslesson042avenitosrcprintf.c_ui2a.c,62,107,54,74,52,83,52,72,,,,
extr_h2odepspicotlsdepscifrasrctestmodes.c_fill.c,22,3581,13,1283,11,1537,90,480,,,,
extr_hashcatsrcshared.c_get_msb32.c,22,353,13,181,11,155,23,133,8,8,8,8
extr_linuxdriverssnioc3.c_crc16_byte.c,37,202,21,105,21,114,83,83,,,,
extr_linuxdriversvideofbdevmetronomefb.c_calc_img_cksum.c,22,3584,14,1030,12,1284,77,229,29841555,29841555,29841555,29841555
extr_linuxdriversstagingrtl8723bshalhal_com.c_isAllSpaceOrTab.c,32,4861,19,1543,17,1797,46,988,0,0,0,0
extr_linuxdriversstagingrtl8712rtl871x_security.c_bitwise_xor.c,23,250,12,102,12,119,52,52,,,,
extr_linuxdriversstagingrtlwifirtl8822bephy.c__rtl8822be_eq_n_byte.c,25,3329,14,1286,14,1286,14,1286,1,1,1,1
extr_raspberry-pi-osexerciseslesson033bl4ckout31srcprintf.c_ui2a.c,62,107,54,74,52,83,52,72,,,,
extr_labenginecoderenderergl1tr_image.c_R_BlendOverTexture.c,58,7935,33,4605,34,4862,33,4605,,,,
extr_emscriptentestssqlitespeedtest1.c_swizzle.c,23,130,17,73,13,71,17,73,255,255,255,255
extr_obs-studiolibobsgraphicsgraphics.h_gs_get_total_levels.c,26,94,18,60,12,44,16,46,7,7,7,7
extr_mimikatzmodulessqlite3_omit.c_sqlite3Pow10.c,27,135,21,75,14,67,21,75,1000000000000000405203471749632345419882149767845446218224763610173108155667148144548206983510949786648805142042101637107774405017306152425933592546209857769066644399783611472878653553319548469570575175566489928833096292883906673461747518354468587362582528.000000,1000000000000000405203471749632345419882149767845446218224763610173108155667148144548206983510949786648805142042101637107774405017306152425933592546209857769066644399783611472878653553319548469570575175566489928833096292883906673461747518354468587362582528.000000,1000000000000000405203471749632345419882149767845446218224763610173108155667148144548206983510949786648805142042101637107774405017306152425933592546209857769066644399783611472878653553319548469570575175566489928833096292883906673461747518354468587362582528.000000,1000000000000000405203471749632345419882149767845446218224763610173108155667148144548206983510949786648805142042101637107774405017306152425933592546209857769066644399783611472878653553319548469570575175566489928833096292883906673461747518354468587362582528.000000
extr_gitbisect.c_sqrti.c,35,167,26,116,25,115,26,116,15,15,15,15
extr_linuxdriversmtdnandrawnand_base.c_nand_id_has_period.c,24,3583,22,1800,22,2056,19,2051,1,1,1,1
extr_brotlicencentropy_encode.c_BrotliReverseBits.c,39,1220,23,519,21,581,60,410,0,0,0,0
extr_raspberry-pi-osexerciseslesson041avenitosrcprintf.c_ui2a.c,62,107,54,74,52,83,52,72,,,,
extr_Mirai-Source-Codeloadersrcutil.c_util_memsearch.c,40,5622,30,3328,29,3582,30,3328,255,255,255,255
extr_reactossdklibrtlres.c_push_language.c,31,3336,16,1286,14,1540,16,1286,256,256,256,256
extr_FFmpeglibavcodecsanm.c_fill_frame.c,20,3328,13,1029,11,1283,69,161,,,,
extr_redisdepshiredissds.c_sdsull2str.c,56,95,39,69,28,50,29,55,3,3,3,3
extr_kphp-kdbdnsdns-data.c_array_reverse.c,34,3061,20,1154,16,1152,20,1154,,,,
extr_reactosmodulesrosappsapplicationsnettsclientrdesktopuiportssvgawin.c_copy_mem.c,112,2854,39,705,35,741,43,709,,,,
extr_stbtools..stb.h_stb_adler32.c,129,2250,84,714,59,762,119,731,-1150258117,-1150258117,-1150258117,-1150258117
extr_darknetsrcblas.c_mult_add_into_cpu.c,26,4347,16,1794,15,2049,106,506,,,,
extr_FFmpeglibavcodecsnow_dwt.c_vertical_decompose97iL1.c,31,5622,19,2559,19,2815,95,1169,,,,
extr_emscriptensystemliblibcmuslsrcregexregexec.c_tre_tag_order.c,39,7154,22,2816,23,2819,22,2816,0,0,0,0
extr_linuxdriversnethamradiomkiss.c_kiss_esc.c,49,6913,24,2818,21,3071,45,2439,257,257,257,257
extr_libuvtestrunner.c_fmt.c,88,197,75,168,64,135,78,165,,,,
extr_FFmpeglibavcodecsnow_dwt.c_vertical_decompose97iH0.c,32,5877,19,2559,19,2815,95,1169,,,,
extr_os-tutorial17-video-scrollkernelutil.c_memory_copy.c,21,3326,14,1284,13,1539,106,140,,,,
extr_php-srcextstandardcrypt_freesec.c_setup_salt.c,39,430,21,205,21,230,33,173,,,,
extr_linuxdriversiiohumidityam2315.c_am2315_crc.c,44,36829,24,20153,22,22448,62,13270,27974,27974,27974,27974
extr_raspberry-pi-osexerciseslesson032rssrcprintf.c_ui2a.c,62,107,54,74,52,83,52,72,,,,
extr_linuxdriversstagingrtl8723bscorertw_security.c_secmicputuint32.c,24,77,12,30,12,35,15,15,,,,
extr_raspberry-pi-osexerciseslesson021zjd0112srcprintf.c_ui2a.c,62,107,54,74,52,83,52,72,,,,
extr_raspberry-pi-ossrclesson05srcprintf.c_ui2a.c,62,107,54,74,52,83,52,72,,,,
extr_linuxdriversstagingrtl8712rtl871x_security.c_xor_32.c,23,70,12,30,12,35,16,16,,,,
extr_raspberry-pi-osexerciseslesson022avenitosrcprintf.c_ui2a.c,62,107,54,74,52,83,52,72,,,,
extr_linuxdriversnetethernetcaviumliquidioocteon_droq.c_octeon_droq_compute_max_packet_bufs.c,25,2676,18,1223,14,1219,15,1220,,,,
extr_masscansrccrypto-blackrock2.c_bit_count.c,16,75,12,47,11,46,12,47,7,7,7,7
extr_FFmpeglibavcodecsnow_dwt.c_vertical_decompose97iH1.c,31,5622,19,2559,19,2815,95,1169,,,,
extr_kphp-kdbstatsxstatsx-data.c_serialize_list_raw.c,34,3847,21,1291,21,1547,89,253,,,,
extr_linuxdriversvideofbdevcorefbcon_cw.c_cw_update_attr.c,67,428947,60,290175,53,303911,62,290405,,,,
extr_FFmpeglibavcodecjpeg2000dwt.c_extend97_float.c,36,122,23,59,23,64,36,36,,,,
extr_os-tutorial23-fixeslibcmem.c_memory_set.c,21,3071,12,1028,10,1282,67,159,,,,
extr_kphp-kdbgeoipgeoip_v6.c_deg2.c,19,2562,10,772,12,1030,31,349,57896044618658097711785492504343953926634992332820282019728792003956564819968.000000,57896044618658097711785492504343953926634992332820282019728792003956564819968.000000,57896044618658097711785492504343953926634992332820282019728792003956564819968.000000,57896044618658097711785492504343953926634992332820282019728792003956564819968.000000
extr_raspberry-pi-osexerciseslesson033rssrcprintf.c_ui2a.c,62,107,54,74,52,83,52,72,,,,
extr_darknetsrcblas.c_const_cpu.c,22,3327,15,1031,14,1286,61,505,,,,
extr_linuxnetmac80211wpa.c_ieee80211_crypto_cs_pn_compare.c,34,5624,16,2304,15,2049,15,2049,0,0,0,0
extr_linuxdriversatmhe.c_rate_to_atmf.c,28,84,22,52,17,49,22,52,20476,20476,20476,20476
extr_os-tutorial20-interrupts-timerkernelutil.c_memory_copy.c,21,3326,14,1284,13,1539,106,140,,,,
extr_emscriptensystemliblibcmuslsrcstringwmemset.c_wmemset.c,23,3331,13,1029,11,1283,67,159,,,,
extr_linuxdriversnetethernetmellanoxmlx5coreen_main.c_mlx5e_build_default_indir_rqt.c,21,3326,17,1795,16,2050,31,1417,,,,
extr_raspberry-pi-osexerciseslesson031avenitosrcprintf.c_ui2a.c,62,107,54,74,52,83,52,72,,,,
extr_linuxdriversgpudrmudludl_modeset.c_udl_lfsr16.c,31,6133,24,4088,22,4342,54,3204,23914,23914,23914,23914
extr_linuxarcharmmach-omap1clock.c_calc_ext_dsor.c,31,1637,22,1032,20,1083,24,540,96,96,96,96
extr_linuxdriversmediacommonb2c2flexcop-eeprom.c_calc_lrc.c,21,3072,14,1030,13,1285,71,223,18437,18437,18437,18437
extr_linuxdriversedacsb_edac.c_haswell_chan_hash.c,20,106,14,63,14,72,35,35,255,255,255,255
extr_kphp-kdbcommoncrc32c.c_gf32_matrix_times.c,25,146,17,87,13,71,17,87,109798,109798,109798,109798
extr_linuxdriverss390charsclp_tty.c_sclp_switch_cases.c,38,6394,27,3837,23,3581,26,3582,255,255,255,255
extr_os-tutorial20-interrupts-timerkernelutil.c_memory_set.c,21,3071,12,1028,10,1282,67,159,,,,
extr_BGAQRCode-Androidzbarsrcmainjnizbardecoderdatabar.c_append_check14.c,50,337,35,179,33,203,56,56,,,,
extr_raspberry-pi-ossrclesson02srcprintf.c_ui2a.c,62,107,54,74,52,83,52,72,,,,
extr_raspberry-pi-osexerciseslesson031H-4ND-Hsrcprintf.c_ui2a.c,62,107,54,74,52,83,52,72,,,,
extr_labenginecodebspcaas_file.c_AAS_DData.c,22,3835,14,1284,14,1540,95,257,,,,
extr_openpilotphonelibsnanovgstb_image.h_stbi__jpeg_dequantize.c,21,905,12,390,12,455,42,42,,,,
extr_os-tutorial23-fixeslibcmem.c_memory_copy.c,21,3326,14,1284,13,1539,91,229,,,,
extr_FFmpeglibavcodecinterplayacm.c_juggle.c,85,1466517,55,456987,42,456978,92,409820,,,,
extr_FFmpeglibavfilterasrc_sinc.c_invert.c,36,4103,27,1551,25,1805,67,313,,,,
extr_FFmpeglibavcodecvp9dsp_template.c_memset_bpc.c,19,2816,13,1029,12,1284,63,155,,,,
extr_linuxfscifssmbencrypt.c_str_to_key.c,99,199,59,87,58,95,69,69,,,,
extr_linuxfsqnx6dir.c_qnx6_lfile_checksum.c,32,5115,19,2305,17,2559,19,2305,2295000184,2295000184,2295000184,2295000184
extr_FFmpeglibavcodecsbrdsp_fixed.c_sbr_qmf_pre_shuffle_c.c,44,946,18,288,18,322,25,242,,,,
extr_reactosbootfreeldrfreeldrlibinifileparse.c_IniGetSectionNameSize.c,49,5112,31,2055,24,2556,31,2055,255,255,255,255
extr_darknetsrcutils.c_max_int_index.c,35,3351,21,1792,18,2044,59,1487,11,11,11,11
extr_numpynumpycoresrcmultiarraycalculation.c_power_of_ten.c,21,2477,15,995,13,1240,15,995,999999999999999988452569694641453289891412847766833896677368465428848130901034909295879619908945316559292587569958465674654992927728624557883489163749540246356891129106733591931304833693638565628182306078113383272782784390994049606075766012189756664840192.000000,999999999999999988452569694641453289891412847766833896677368465428848130901034909295879619908945316559292587569958465674654992927728624557883489163749540246356891129106733591931304833693638565628182306078113383272782784390994049606075766012189756664840192.000000,999999999999999988452569694641453289891412847766833896677368465428848130901034909295879619908945316559292587569958465674654992927728624557883489163749540246356891129106733591931304833693638565628182306078113383272782784390994049606075766012189756664840192.000000,999999999999999988452569694641453289891412847766833896677368465428848130901034909295879619908945316559292587569958465674654992927728624557883489163749540246356891129106733591931304833693638565628182306078113383272782784390994049606075766012189756664840192.000000
extr_linuxdriversstagingrtl8712rtl871x_security.c_xor_128.c,23,250,12,102,12,119,52,52,,,,
extr_memcachedcrc32c.c_gf2_matrix_times.c,25,146,17,87,13,71,17,87,109798,109798,109798,109798
extr_linuxdriversvideofbdevkyroSTG4000OverlayDevice.c_Overlap.c,24,4066,15,1793,13,2047,46,1300,247,247,247,247
extr_libgit2srctsort.c_compute_minrun.c,20,33,19,26,13,22,19,26,64,64,64,64
extr_FFmpeglibavcodecffwavesynth.c_lcg_seek.c,41,190,28,112,23,109,27,111,,,,
extr_hashcatsrcwordlist.c_get_next_word_uc.c,44,5105,23,2367,24,2593,22,2306,,,,
extr_linuxdriversmediadvb-frontendsnxt200x.c_nxt200x_crc.c,33,168,21,91,21,100,68,68,65280,65280,65280,65280
extr_macvimsrcgui_xmdlg.c_get_part.c,76,147917,33,50888,34,57253,35,50864,,,,
extr_wcdbandroidsqlciphersqlite3.c_btreeHeapInsert.c,51,279,22,87,20,100,29,101,,,,
extr_raspberry-pi-osexerciseslesson022zjd0112srcprintf.c_ui2a.c,62,107,54,74,52,83,52,72,,,,
extr_The-Art-Of-Programming-By-Julyebookcodec7.1：搜索引擎热门查询统计.c_handle_symbol.c,87,15304,62,3157,43,6140,77,464,,,,
extr_linuxarchpowerpcoprofileop_model_power4.c_power7_marked_instr_event.c,61,222,37,97,37,102,84,84,0,0,0,0
extr_linuxdriversvideofbdevmatroxmatroxfb_accel.c_matrox_cfb4_pal.c,16,168,12,87,12,104,12,12,,,,
extr_ccvlib3rdpartysqlite3sqlite3.c_sqlite3Pow10.c,27,135,21,75,14,67,21,75,1000000000000000405203471749632345419882149767845446218224763610173108155667148144548206983510949786648805142042101637107774405017306152425933592546209857769066644399783611472878653553319548469570575175566489928833096292883906673461747518354468587362582528.000000,1000000000000000405203471749632345419882149767845446218224763610173108155667148144548206983510949786648805142042101637107774405017306152425933592546209857769066644399783611472878653553319548469570575175566489928833096292883906673461747518354468587362582528.000000,1000000000000000405203471749632345419882149767845446218224763610173108155667148144548206983510949786648805142042101637107774405017306152425933592546209857769066644399783611472878653553319548469570575175566489928833096292883906673461747518354468587362582528.000000,1000000000000000405203471749632345419882149767845446218224763610173108155667148144548206983510949786648805142042101637107774405017306152425933592546209857769066644399783611472878653553319548469570575175566489928833096292883906673461747518354468587362582528.000000
extr_linuxdrivershwmonit87.c_DIV_TO_REG.c,25,134,16,55,12,56,36,36,7,7,7,7
extr_nodemcu-firmwareappmqttmqtt_msg.c_mqtt_get_publish_topic.c,71,91,28,30,26,30,28,30,,,,
extr_linuxmmswap_state.c___swapin_nr_pages.c,38,83,21,49,21,49,21,49,255,255,255,255
extr_linuxdriversvideofbdevimsttfb.c_setclkMHz.c,59,1551,38,1104,40,1106,38,1104,,,,
extr_nodemcu-firmwareappfatfsffunicode.c_ff_wtoupper.c,64,154,40,74,35,76,40,74,376,376,376,376
extr_reactosdllwin32insengicif.c_copy_substring_null.c,47,6894,31,2561,24,2306,31,2561,0,0,0,0
extr_linuxdriversstagingrtl8188eucorertw_security.c_construct_mic_iv.c,72,216,40,90,43,112,49,49,,,,
extr_linuxdriversnetethernetfreescaledpaadpaa_eth.c_bpool_buffer_raw_size.c,32,3085,22,784,18,1290,39,153,0,0,0,0
extr_raspberry-pi-osexerciseslesson045bl4ckout31srcprintf.c_ui2a.c,62,107,54,74,52,83,52,72,,,,
extr_radare2shlrqnxsrcutils.c_errnoconvert.c,74,182,52,87,44,88,56,56,255,255,255,255
extr_FFmpeglibavformatmatroskaenc.c_ebml_num_size.c,17,23,14,20,13,19,14,20,2,2,2,2
extr_php-srcextgdlibgdgd_interpolation.c_KernelBessel_P1.c,38,144,20,52,21,59,27,27,1.000000,1.000000,1.000000,1.000000
extr_BGAQRCode-Androidzbarsrcmainjnizbarqrcodeqrdectxt.c_enc_list_mtf.c,19,45,11,21,11,25,13,13,,,,
extr_reactosdllwin32vbscriptregexp.c_ReadCompactIndex.c,44,65,23,32,21,30,22,31,,,,
extr_linuxarchumdriversslip_common.h_slip_esc.c,49,6913,24,2818,21,3071,45,2439,257,257,257,257
extr_linuxdriversgpudrmi915intel_overlay.c_check_gamma5_errata.c,22,52,15,29,14,33,16,16,1,1,1,1
extr_FFmpeglibavcodecintrax8dsp.c_spatial_compensation_5.c,58,1682,37,867,37,948,100,514,,,,
extr_labq3map2libsmathlibmathlib.c_VectorIsOnAxis.c,25,53,20,34,20,38,21,21,0,0,0,0
extr_linuxdriversiiocommonms_sensorsms_sensors_i2c.c_ms_sensors_crc_valid.c,35,277,21,126,21,143,25,102,0,0,0,0
extr_linuxdriversmediatunersmax2165.c_fixpt_div32.c,45,497,31,361,31,393,43,387,0,0,0,0
extr_linuxdriversi2ci2c-core-smbus.c_crc8.c,21,114,18,67,18,83,46,46,255,255,255,255
extr_tenginesrccorengx_string.c_ngx_strnlen.c,23,3328,14,1284,12,1538,14,1284,255,255,255,255
extr_reactosdllwin32lpkbidi.c_SetDeferredRun.c,24,3331,13,1029,12,1284,72,174,,,,
extr_linuxdriversnethamradiomkiss.c_kiss_esc_crc.c,64,7421,32,3839,29,3838,32,3839,257,257,257,257
extr_darknetsrcblas.c_weighted_delta_cpu.c,60,12001,34,5622,32,5622,34,5622,,,,
extr_nodemcu-firmwareappmodulessomfy.c_buildFrame.c,73,248,42,115,39,121,54,54,,,,
extr_FFmpeglibavcodecdiracdec.c_add_frame.c,22,3073,16,1286,14,1540,16,1286,-1,-1,-1,-1
extr_stbtools..stb.h_stb_bitset_unioneq_changed.c,30,5113,18,2050,18,2306,34,1672,0,0,0,0
extr_FFmpeglibavutilfixed_dsp.c_butterflies_fixed_c.c,33,6386,19,2559,18,2814,110,578,,,,
extr_darknetsrcblas.c_fill_cpu.c,22,3327,15,1031,14,1286,61,505,,,,
extr_linuxdriversinputjoysticka3d.c_a3d_csum.c,40,3573,26,1286,26,1540,81,367,1,1,1,1
extr_mimikatzmodulessqlite3_omit.c_btreeHeapInsert.c,51,279,22,87,20,100,29,101,,,,
extr_linuxdriversstagingrtl8723bshalhal_com.c_eqNByte.c,25,3329,14,1286,14,1286,14,1286,1,1,1,1
extr_FFmpeglibavcodecsnow_dwt.c_ff_snow_horizontal_compose97i.c,232,13742,111,4236,107,4862,112,4362,,,,
extr_FFmpeglibavcodecvc1dsp.c_vc1_v_s_overlap_c.c,75,539,47,278,50,290,47,278,,,,
extr_radare2librasmarchcrisgnucris-dis.c_number_of_bits.c,17,89,12,40,12,63,12,40,8,8,8,8
extr_kphp-kdbmc-proxymc-proxy-statsx-extension.c_not_null.c,24,3837,15,1285,14,1540,72,368,255,255,255,255
extr_linuxdriversmediaplatforms3c-camifcamif-core.c_camif_get_scaler_factor.c,40,119,27,67,25,65,39,39,0,0,0,0
extr_raspberry-pi-osexerciseslesson053bl4ckout31srcprintf.c_ui2a.c,62,107,54,74,52,83,52,72,,,,
extr_tenginesrccorengx_string.c_ngx_rstrncmp.c,28,3326,13,1283,12,1282,13,1283,0,0,0,0
extr_stbstb_vorbis.c_neighbors.c,57,6529,30,2860,29,2860,30,2607,,,,
extr_FFmpeglibavcodeccfhd.c_difference_coding.c,38,1040666,32,327179,22,390672,55,184130,,,,
extr_linuxarchx86libmisc.c_num_digits.c,20,32,19,24,16,23,19,24,3,3,3,3
extr_mimikatzmimikatzmoduleskuhl_m_sr98.c_kuhl_m_sr98_hid26_Manchester_4bits.c,26,82,22,64,23,70,24,24,170,170,170,170
extr_disquesrcsds.c_sdsull2str.c,56,95,39,69,28,50,29,55,3,3,3,3
extr_micropythonportspic16bitpic16bit_mphal.c_mp_hal_delay_ms.c,23,10202814,20,5102556,14,6377046,46,5102050,,,,
extr_reactosdllwin32jscriptregexp.c_ReadCompactIndex.c,44,65,23,32,21,30,22,31,,,,
extr_Craftdepslodepnglodepng.c_flog2.c,52,132,39,63,35,69,39,63,24.202251,24.202251,24.202251,24.202251
extr_micropythonportsteensycorepins_teensy.c_rtc_compensate.c,31,1433,25,789,23,787,50,514,,,,
extr_libgit2testsclar_libgit2.c_strip_cr_from_buf.c,36,4865,23,2563,20,2816,23,2563,255,255,255,255
extr_linuxdriversiiohumiditydht11.c_dht11_decode_byte.c,25,146,15,71,14,72,34,34,v,v,v,v
extr_Craftdepssqlitesqlite3.c_estLog.c,20,83,17,41,14,46,17,41,8.000000,8.000000,8.000000,8.000000
extr_linuxdriversmediarcwinbond-cir.c_wbcir_to_rc6cells.c,31,93,17,44,17,49,18,18,170,170,170,170
extr_linuxdriversstagingrtl8712rtl871x_security.c_construct_ctr_preload.c,81,362,42,92,47,193,52,52,,,,
extr_obs-studiolibobsaudio-monitoringwin32....graphicsgraphics.h_gs_get_total_levels.c,26,94,18,60,12,44,16,46,7,7,7,7
extr_linuxdriversstagingrtl8712rtl871x_security.c_construct_mic_header2.c,83,302,43,68,44,153,48,48,,,,
extr_linuxdriversnetwirelessbroadcombrcm80211brcmsmacdma.c_dma_align_sizetobits.c,16,75,12,36,10,42,12,36,7,7,7,7
extr_linuxdriversgpudrmi915intel_display.c_intel_reduce_m_n_ratio.c,30,183,14,74,14,82,14,74,,,,
extr_raspberry-pi-ossrclesson06srcprintf.c_ui2a.c,62,107,54,74,52,83,52,72,,,,
extr_darknetsrcblas.c_l2_cpu.c,33,5878,18,2304,17,2559,146,610,,,,
extr_linuxdriversnetethernetamdxgbexgbe-phy-v2.c_xgbe_phy_sfp_verify_eeprom.c,27,3331,18,1034,15,1287,78,366,0,0,0,0
extr_reactosdllwin32rsaenhmpi.c_bn_reverse.c,34,3061,20,1154,16,1152,20,1154,,,,
extr_linuxarchsparcnetbpf_jit_comp_64.c_analyze_64bit_constant.c,91,926,59,616,53,619,57,614,,,,
extr_zstdlibdictBuilderzdict.c_ZDICT_flatLit.c,21,2309,13,1029,13,1285,73,73,,,,
extr_FFmpeglibavcodecopus_pvq.c_celt_haar1.c,71,1654709,38,391186,33,423315,37,391185,,,,
extr_masscansrcsmack1.c_row_shift_from_symbol_count.c,19,78,13,48,13,48,13,48,8,8,8,8
extr_linuxnetschedsch_cbq.c_cbq_adjust_levels.c,23,23,14,16,14,16,14,16,,,,
extr_reactosdriversbusacpiacpicatablestbprint.c_AcpiTbChecksum.c,24,2821,15,1031,12,1284,79,367,29841555,29841555,29841555,29841555
extr_linuxsamplesbpflathist_user.c_stars.c,43,6888,29,1545,27,2053,32,1548,,,,
extr_BGAQRCode-Androidzbarsrcmainjnizbarqrcodeisaac.c_isaac_mix.c,87,332,31,106,33,119,56,56,,,,
extr_FFmpeglibavutiltwofish.c_gfmul.c,41,257,27,143,22,143,27,143,18422,18422,18422,18422
extr_linuxsoundpcictxfictresource.c_put_resource.c,35,5879,18,2558,17,2813,38,2180,0,0,0,0
extr_linuxdriversmediaplatformexynos4-isfimc-core.c_fimc_get_scaler_factor.c,40,119,27,67,25,65,39,39,0,0,0,0
extr_libgit2srcxdiffxutils.c_xdl_num_out.c,70,164,54,101,36,72,46,91,3,3,3,3
extr_openpilotpandaboarddriversgmlan_alt.h_do_bitstuff.c,38,6645,27,3329,26,3330,27,3329,255,255,255,255
extr_ccvlibccv_cache.c_sparse_bitcount.c,17,89,12,40,12,63,12,40,8,8,8,8
extr_reactosmodulesrosappsapplicationsnettsclientrdesktopsecure.c_reverse.c,34,3061,20,1154,16,1152,20,1154,,,,
extr_reactosdllwin32lpkbidi.c_resolveParagraphs.c,31,4865,16,1286,15,1541,16,1286,255,255,255,255
extr_FFmpeglibavcodecvorbisdec.c_ff_vorbis_inverse_coupling.c,62,8812,27,3197,27,3453,27,3197,,,,
extr_raspberry-pi-osexerciseslesson022bl4ckout31srcprintf.c_ui2a.c,62,107,54,74,52,83,52,72,,,,
extr_opensslcryptomodesccm128.c_ctr64_add.c,49,87,25,43,24,42,23,23,,,,
extr_FFmpeglibavcodecxfaceenc.c_all_same.c,38,52,21,27,19,25,21,27,0,0,0,0
extr_nodemcu-firmwareappsqlite3sqlite3.c_btreeHeapInsert.c,51,279,22,87,20,100,29,101,,,,
extr_darknetsrcutils.c_max_index.c,29,3321,22,2046,19,2298,56,1490,0,0,0,0
extr_FFmpeglibavcodecintrax8dsp.c_spatial_compensation_10.c,48,1858,33,1160,41,1263,76,538,,,,
extr_reactossdktoolsrsymrsym64.c_DwDecodeSleb128.c,38,80,26,46,25,45,26,46,3,3,3,3
extr_nodemcu-firmwareapplualdump.c_MaybeByteSwap.c,43,3450,25,1033,19,1155,42,786,,,,
extr_linuxdriversmediaradioradio-miropcm20.c_sanitize.c,26,3943,18,1747,16,1848,30,1292,0,0,0,0
extr_linuxdriversscsiscsi_scan.c_scsi_sanitize_inquiry_string.c,33,6309,24,3378,20,3477,47,2669,,,,
extr_FFmpeglibavcodecsbrdsp.c_sbr_qmf_pre_shuffle_c.c,81,867,30,226,30,259,30,226,,,,
extr_FFmpeglibavcodecjpeg2000dwt.c_extend97_int.c,36,122,23,59,23,64,36,36,,,,
extr_linuxdriversnetethernetibmeheaehea_phyp.c_get_order_of_qentries.c,18,84,12,54,11,53,12,54,7,7,7,7
extr_raspberry-pi-osexerciseslesson031bl4ckout31srcprintf.c_ui2a.c,62,107,54,74,52,83,52,72,,,,
extr_reactossdktoolsrsymrsym64.c_DwDecodeUleb128.c,34,76,19,39,18,38,19,39,3,3,3,3
extr_linuxdriversnetethernetinteliceice_main.c_ice_fill_rss_lut.c,22,3581,16,1794,14,2048,43,2563,,,,
extr_linuxdriversstagingrtl8723bscorertw_mlme.c_rtw_restruct_wmm_ie.c,30,51,19,28,16,28,26,34,255,255,255,255
extr_reactossdklibcrtstringstrset.c__strnset.c,37,6401,19,1797,13,1795,19,1797,,,,
extr_emscriptensystemliblibcmuslsrccryptcrypt_des.c_setup_salt.c,29,420,17,201,17,226,29,169,16711680,16711680,16711680,16711680
extr_raspberry-pi-osexerciseslesson021bl4ckout31srcprintf.c_ui2a.c,62,107,54,74,52,83,52,72,,,,
extr_h2odepspicotlsdepscifrasrccurve25519.donna.c_swap_conditional.c,40,303,17,107,17,118,75,75,,,,
extr_linuxdriversisdnhisaxisar.c_dle_count.c,22,3584,19,2051,17,2305,86,456,0,0,0,0
extr_reactossdktoolsfattenfatfsoptionccsbcs.c_ff_wtoupper.c,45,114,28,66,27,59,28,66,376,376,376,376
extr_FFmpeglibavcodecpngdsp.c_add_bytes_l2_c.c,57,1069,36,492,32,528,97,529,,,,
extr_nodemcu-firmwareappcoapuri.c_strnchr.c,35,5122,15,1539,11,1537,15,1539,,,,
extr_radare2librasmarchcrisgnucris-dis.c_print_flags.c,47,178,26,73,25,78,31,31,,,,
extr_raspberry-pi-osexerciseslesson023bl4ckout31srcprintf.c_ui2a.c,62,107,54,74,52,83,52,72,,,,
extr_radare2librasmarcharmaarch64aarch64-dis.c_get_top_bit.c,20,110,12,54,10,52,12,54,128,128,128,128
extr_ccvlibccv_output.c_ccv_cli_output_level_and_above.c,32,583,20,268,21,302,37,226,-256,-256,-256,-256
extr_radare2librasmarcharmarmass64.c_countLeadingZeros.c,16,81,14,49,10,47,14,49,-8,-8,-8,-8
extr_php-srcextphartar.c_phar_tar_octal.c,41,4873,28,2314,21,2563,61,1631,0,0,0,0
extr_linuxarchx86kvmx86.c_kvm_vcpu_check_hw_bp.c,37,102,20,53,20,58,31,31,0,0,0,0
extr_linuxtoolsiioiio_utils.c_calc_digits.c,18,42,18,38,14,28,18,38,3,3,3,3
extr_numpynumpycoresrcmultiarraydatetime_busday.c_find_earliest_holiday_on_or_after.c,44,425,25,219,22,180,25,219,,,,
extr_h2odepspicotlsdepscifrasrccurve25519.tweetnacl.c_sel25519.c,37,414,17,167,17,184,49,49,,,,
extr_raspberry-pi-osexerciseslesson021rssrcprintf.c_ui2a.c,62,107,54,74,52,83,52,72,,,,
extr_mpvdemuxdemux_mkv.c_aac_get_sample_rate_index.c,15,99,11,55,10,54,11,55,11,11,11,11
extr_darwin-xnubsdnetnecp.c_necp_buffer_compare_with_bit_prefix.c,50,562,31,301,27,269,31,301,0,0,0,0
extr_raspberry-pi-osexerciseslesson032bl4ckout31srcprintf.c_ui2a.c,62,107,54,74,52,83,52,72,,,,
extr_emscriptentestssqlitespeedtest1.c_est_square_root.c,44,333,33,195,24,155,33,195,16,16,16,16
extr_FFmpeglibavcodecmpegvideoencdsp.c_pix_sum_c.c,72,1835,27,473,31,682,56,371,30259918,30259918,30259918,30259918
extr_reactosmodulesrosappsapplicationsdevutilscdmakecdmake.c_edit_with_commas.c,45,163,37,77,34,62,37,77,,,,
extr_rufussrcext2fsextent.c_ul_log2.c,19,75,16,46,10,42,16,46,7,7,7,7
extr_numpynumpycoresrcmultiarraydatetime_busday.c_is_holiday.c,43,424,25,219,24,182,25,219,0,0,0,0
extr_linuxdriversmediaceccec-edid.c_cec_phys_addr_validate.c,76,86,49,58,43,51,46,46,0,0,0,0
extr_linuxdriversstagingrtl8188eucorertw_security.c_secmicputuint32.c,24,77,12,30,12,35,15,15,,,,
extr_reactossdklibcrtstdlibswab.c__swab.c,41,3575,15,771,16,900,46,512,,,,
extr_nginxsrccorengx_string.c_ngx_escape_html.c,40,6165,27,2576,28,3840,27,2576,77730828,77730828,77730828,77730828
extr_linuxdriversnetethernetintelixgbeixgbe_common.c_ixgbe_calculate_checksum.c,26,3077,17,1033,14,1286,72,360,-29841555,-29841555,-29841555,-29841555
extr_linuxdriversusbhostdwc_otgdwc_otg_pcd.c_assign_perio_tx_fifo.c,32,105,22,56,22,64,22,56,6,6,6,6
extr_php-srcextgdlibgdgd_interpolation.c_KernelBessel_Q1.c,38,144,20,52,21,59,27,27,0.046875,0.046875,0.046875,0.046875
extr_php-srcexthashhash_md.c_Encode.c,60,3276,23,716,19,777,23,716,,,,
extr_raspberry-pi-osexerciseslesson033avenitosrcprintf.c_ui2a.c,62,107,54,74,52,83,52,72,,,,
extr_linuxdriversgpudrmi915intel_dp.c_intel_dp_unpack_aux.c,26,74,22,43,19,45,53,84,,,,
extr_linuxdriverss390netqeth_l3_main.c_qeth_l3_fill_netmask.c,25,297,19,184,20,202,115,115,,,,
extr_linuxsoundpcictxfictatc.c_atc_get_pitch.c,49,614,27,312,25,311,27,313,16777216,16777216,16777216,16777216
extr_reactossdklibfslibext2libMke2fs.c_int_log10.c,18,42,16,30,14,28,16,30,3,3,3,3
extr_h2olibcommontime.c_emit_digits.c,31,4857,19,3321,15,1539,53,3959,,,,
extr_raspberry-pi-osexerciseslesson022H-4ND-Hsrcprintf.c_ui2a.c,62,107,54,74,52,83,52,72,,,,
extr_stbtestscaveviewcave_parse.c_nbt_swap.c,36,3695,23,1157,19,1282,41,971,,,,
extr_reactossdklibrtlcompress.c_lznt1_decompress_chunk.c,114,242,62,135,65,138,68,68,,,,
extr_stbtestsprereleasestb_lib.h_stb_hashlen.c,41,7418,22,2308,18,2560,22,2308,1806841983,1806841983,1806841983,1806841983
extr_FFmpeglibavfiltervf_pp7.c_dctB_c.c,71,265,30,102,30,107,88,88,,,,
extr_linuxdriversisdni4lisdn_v110.c_DecodeMatrix.c,122,50212,113,34702,85,34489,305,34712,123,123,123,123
extr_linuxdriversmediaplatformqcomcamsscamss-vfe.c_vfe_find_code.c,31,4098,23,1801,19,2053,21,1799,479,479,479,479
extr_linuxdriversnetethernetmellanoxmlx5coreen_fs_ethtool.c_mask_spec.c,27,4856,14,1538,12,1793,75,377,,,,
extr_reactosmodulesrosappsapplicationssysutilsutilsrosperfrosperf.c_RoundTo3Digits.c,38,70,35,55,34,54,35,55,16800000.000000,16800000.000000,16800000.000000,16800000.000000
extr_The-Art-Of-Programming-By-Julyebookcodec4.3：出现次数超过一半的数字.c_FindOneNumber.c,39,5876,24,3072,23,3327,53,3203,18743,18743,18743,18743
extr_reactosbaseapplicationsmstscssl_calls.c_mpCompare.c,33,5373,19,2561,20,2562,19,2561,0,0,0,0
extr_reactossdklib3rdpartybzip2huffman.c_BZ2_hbAssignCodes.c,36,3344,22,1292,19,1547,31,913,,,,
extr_linuxdriversblockamiflop.c_checksum.c,32,458,21,171,16,198,84,108,21525,21525,21525,21525
extr_redissrcsds.c_sdsll2str.c,64,103,42,68,34,54,42,68,3,3,3,3
extr_linuxdriversnetwirelessrealtekrtlwifirtl8821aephy.c__rtl8812ae_eq_n_byte.c,25,3329,14,1286,14,1286,14,1286,1,1,1,1
extr_labq3map2libspicomodelpicointernal.c__pico_expand_bounds.c,34,80,16,34,16,38,23,23,,,,
extr_linuxfscifsconnect.c_rfc1002mangle.c,40,7917,23,3579,22,3834,52,3076,,,,
extr_radare2shlrgrubfsntfs.c_read_run_data.c,42,5128,25,1803,20,2054,31,106,,,,
extr_skynetskynet-srcskynet_server.c_id_to_hex.c,30,165,18,81,18,90,43,43,,,,
extr_FFmpeglibavcodecsanm.c_fill_block.c,41,849931,24,262660,27,392461,91,37521,,,,
extr_FFmpeglibavcodecintrax8dsp.c_spatial_compensation_2.c,37,1154,25,578,24,658,49,322,,,,
extr_linuxdriversmediadvb-frontendsmxl5xx.c_gold2root.c,29,4350,20,2306,21,2563,43,2059,104448,104448,104448,104448
extr_darwin-xnutoolstestsaffinitysets.c_reader_writer_fn.c,19,3070,13,1029,12,1284,55,289,,,,
extr_linuxdriversmtdnandrawcafe_nand.c_gf64_mul.c,37,171,21,91,21,98,57,57,,,,
extr_raspberry-pi-osexerciseslesson021evopensrcprintf.c_ui2a.c,62,107,54,74,52,83,52,72,,,,
extr_linuxdriversgpudrmgma500cdv_intel_dp.c_unpack_aux.c,26,74,22,43,19,45,53,84,,,,
extr_linuxdriversblockparidepg.c_xs.c,42,7157,27,3075,26,3330,51,2571,,,,
